land_cover_id,year,modis_land_cover,esa_land_cover,npv_biome_type,main_id,source_id
land_cover_id-5801b453-1,2021,Woody Savannas,Built-up,,QC-MAIN-5801b453,https://doi.org/10.5067/MODIS/MCD12Q1.061 + https://doi.org/10.5281/zenodo.7254221
land_cover_id-d29e0839-1,2021,Woody Savannas,Bare/Sparse Vegetation,Cool Mixed Forest,QC-MAIN-d29e0839,https://doi.org/10.5067/MODIS/MCD12Q1.061 + https://doi.org/10.5281/zenodo.7254221
land_cover_id-f1ff4920-1,2021,Woody Savannas,Tree Cover,Cool Mixed Forest,QC-MAIN-f1ff4920,https://doi.org/10.5067/MODIS/MCD12Q1.061 + https://doi.org/10.5281/zenodo.7254221
land_cover_id-4ea8ac9d-1,2021,Grasslands,Moss & Lichen,,NU-MAIN-4ea8ac9d,https://doi.org/10.5067/MODIS/MCD12Q1.061 + https://doi.org/10.5281/zenodo.7254221
land_cover_id-e7e6a960-1,2021,Grasslands,Bare/Sparse Vegetation,Cool Mixed Forest,QC-MAIN-e7e6a960,https://doi.org/10.5067/MODIS/MCD12Q1.061 + https://doi.org/10.5281/zenodo.7254221
land_cover_id-aeafbb59-1,2021,Grasslands,Bare/Sparse Vegetation,Cool Evergreen Needleleaf Forest,ON-MAIN-aeafbb59,https://doi.org/10.5067/MODIS/MCD12Q1.061 + https://doi.org/10.5281/zenodo.7254221
land_cover_id-c0660aec-1,2021,Grasslands,Tree Cover,,QC-MAIN-c0660aec,https://doi.org/10.5067/MODIS/MCD12Q1.061 + https://doi.org/10.5281/zenodo.7254221
land_cover_id-e51eda66-1,2021,Mixed Forests,Built-up,Cool Mixed Forest,QC-MAIN-e51eda66,https://doi.org/10.5067/MODIS/MCD12Q1.061 + https://doi.org/10.5281/zenodo.7254221
land_cover_id-1f126a43-1,2021,Savannas,Built-up,Cool Mixed Forest,ON-MAIN-1f126a43,https://doi.org/10.5067/MODIS/MCD12Q1.061 + https://doi.org/10.5281/zenodo.7254221
land_cover_id-730aefe3-1,2021,Grasslands,Bare/Sparse Vegetation,Low and High Shrub Tundra,NU-MAIN-730aefe3,https://doi.org/10.5067/MODIS/MCD12Q1.061 + https://doi.org/10.5281/zenodo.7254221
land_cover_id-8b0264c9-1,2021,Grasslands,Bare/Sparse Vegetation,Cold Evergreen Needleleaf Forest,NU-MAIN-8b0264c9,https://doi.org/10.5067/MODIS/MCD12Q1.061 + https://doi.org/10.5281/zenodo.7254221
land_cover_id-5d21dbd5-1,2021,Woody Savannas,Permanent Water Bodies,,MB-MAIN-5d21dbd5,https://doi.org/10.5067/MODIS/MCD12Q1.061 + https://doi.org/10.5281/zenodo.7254221
land_cover_id-74997012-1,2021,Mixed Forests,Tree Cover,Cool Mixed Forest,ON-MAIN-74997012,https://doi.org/10.5067/MODIS/MCD12Q1.061 + https://doi.org/10.5281/zenodo.7254221
land_cover_id-687b8c8d-1,2021,Woody Savannas,Bare/Sparse Vegetation,Cool Mixed Forest,ON-MAIN-687b8c8d,https://doi.org/10.5067/MODIS/MCD12Q1.061 + https://doi.org/10.5281/zenodo.7254221
land_cover_id-7607a50e-1,2021,Woody Savannas,Built-up,Cool Mixed Forest,ON-MAIN-7607a50e,https://doi.org/10.5067/MODIS/MCD12Q1.061 + https://doi.org/10.5281/zenodo.7254221
land_cover_id-52c01ae4-1,2021,Urban & Built-up,Built-up,Cool Mixed Forest,QC-MAIN-52c01ae4,https://doi.org/10.5067/MODIS/MCD12Q1.061 + https://doi.org/10.5281/zenodo.7254221
land_cover_id-eac5a52b-1,2021,Mixed Forests,Built-up,Cool Mixed Forest,QC-MAIN-eac5a52b,https://doi.org/10.5067/MODIS/MCD12Q1.061 + https://doi.org/10.5281/zenodo.7254221
land_cover_id-81a288d0-1,2021,Urban & Built-up,Built-up,Cool Mixed Forest,QC-MAIN-81a288d0,https://doi.org/10.5067/MODIS/MCD12Q1.061 + https://doi.org/10.5281/zenodo.7254221
land_cover_id-c8966bdc-1,2021,Urban & Built-up,Built-up,Cool Mixed Forest,QC-MAIN-c8966bdc,https://doi.org/10.5067/MODIS/MCD12Q1.061 + https://doi.org/10.5281/zenodo.7254221
land_cover_id-eab8c362-1,2021,Urban & Built-up,Bare/Sparse Vegetation,Cool Mixed Forest,ON-MAIN-eab8c362,https://doi.org/10.5067/MODIS/MCD12Q1.061 + https://doi.org/10.5281/zenodo.7254221
land_cover_id-8c7063b2-1,2021,Open Shrublands,Tree Cover,Cool Mixed Forest,QC-MAIN-8c7063b2,https://doi.org/10.5067/MODIS/MCD12Q1.061 + https://doi.org/10.5281/zenodo.7254221
land_cover_id-3ef4f421-1,2021,Evergreen Needleleaf Forest,Grassland,Cool Evergreen Needleleaf Forest,BC-MAIN-3ef4f421,https://doi.org/10.5067/MODIS/MCD12Q1.061 + https://doi.org/10.5281/zenodo.7254221
land_cover_id-9fed34a8-1,2021,Grasslands,Built-up,Cold Evergreen Needleleaf Forest,AB-MAIN-9fed34a8,https://doi.org/10.5067/MODIS/MCD12Q1.061 + https://doi.org/10.5281/zenodo.7254221
land_cover_id-33c09b8b-1,2021,Savannas,Bare/Sparse Vegetation,Cold Evergreen Needleleaf Forest,QC-MAIN-33c09b8b,https://doi.org/10.5067/MODIS/MCD12Q1.061 + https://doi.org/10.5281/zenodo.7254221
land_cover_id-084bd95c-1,2021,Grasslands,Tree Cover,Cold Evergreen Needleleaf Forest,QC-MAIN-084bd95c,https://doi.org/10.5067/MODIS/MCD12Q1.061 + https://doi.org/10.5281/zenodo.7254221
land_cover_id-1eee4ace-1,2021,Urban & Built-up,Built-up,Cool Mixed Forest,QC-MAIN-1eee4ace,https://doi.org/10.5067/MODIS/MCD12Q1.061 + https://doi.org/10.5281/zenodo.7254221
land_cover_id-844dcc47-1,2021,Grasslands,Tree Cover,Cool Mixed Forest,QC-MAIN-844dcc47,https://doi.org/10.5067/MODIS/MCD12Q1.061 + https://doi.org/10.5281/zenodo.7254221
land_cover_id-e25eed27-1,2021,Permanent Wetlands,Built-up,Cool Mixed Forest,QC-MAIN-e25eed27,https://doi.org/10.5067/MODIS/MCD12Q1.061 + https://doi.org/10.5281/zenodo.7254221
land_cover_id-4c35e094-1,2021,Water,Built-up,Cool Mixed Forest,ON-MAIN-4c35e094,https://doi.org/10.5067/MODIS/MCD12Q1.061 + https://doi.org/10.5281/zenodo.7254221
land_cover_id-8825d90d-1,2021,Woody Savannas,Tree Cover,Cool Mixed Forest,ON-MAIN-8825d90d,https://doi.org/10.5067/MODIS/MCD12Q1.061 + https://doi.org/10.5281/zenodo.7254221
land_cover_id-de2e2f8e-1,2021,Croplands,Cropland,Steppe,SK-MAIN-de2e2f8e,https://doi.org/10.5067/MODIS/MCD12Q1.061 + https://doi.org/10.5281/zenodo.7254221
land_cover_id-e928d96a-1,2021,Urban & Built-up,Built-up,Cool Mixed Forest,ON-MAIN-e928d96a,https://doi.org/10.5067/MODIS/MCD12Q1.061 + https://doi.org/10.5281/zenodo.7254221
land_cover_id-4f11f183-1,2021,Savannas,Tree Cover,Cold Evergreen Needleleaf Forest,NT-MAIN-4f11f183,https://doi.org/10.5067/MODIS/MCD12Q1.061 + https://doi.org/10.5281/zenodo.7254221
land_cover_id-46f71d5b-1,2021,Mixed Forests,Tree Cover,Cool Mixed Forest,ON-MAIN-46f71d5b,https://doi.org/10.5067/MODIS/MCD12Q1.061 + https://doi.org/10.5281/zenodo.7254221
land_cover_id-5154702a-1,2021,Grasslands,Moss & Lichen,Graminoid and Forb Tundra,NU-MAIN-5154702a,https://doi.org/10.5067/MODIS/MCD12Q1.061 + https://doi.org/10.5281/zenodo.7254221
land_cover_id-6e9be24e-1,2021,Urban & Built-up,Bare/Sparse Vegetation,Cool Mixed Forest,ON-MAIN-6e9be24e,https://doi.org/10.5067/MODIS/MCD12Q1.061 + https://doi.org/10.5281/zenodo.7254221
land_cover_id-8434dce0-1,2021,Woody Savannas,Built-up,Cold Evergreen Needleleaf Forest,AB-MAIN-8434dce0,https://doi.org/10.5067/MODIS/MCD12Q1.061 + https://doi.org/10.5281/zenodo.7254221
land_cover_id-2cc9bb06-1,2021,Savannas,Grassland,Cold Evergreen Needleleaf Forest,YT-MAIN-2cc9bb06,https://doi.org/10.5067/MODIS/MCD12Q1.061 + https://doi.org/10.5281/zenodo.7254221
land_cover_id-895cb178-1,2021,Woody Savannas,Grassland,Cool Mixed Forest,NL-MAIN-895cb178,https://doi.org/10.5067/MODIS/MCD12Q1.061 + https://doi.org/10.5281/zenodo.7254221
land_cover_id-6c1d6ee6-1,2021,Grasslands,Built-up,Cold Evergreen Needleleaf Forest,NT-MAIN-6c1d6ee6,https://doi.org/10.5067/MODIS/MCD12Q1.061 + https://doi.org/10.5281/zenodo.7254221
land_cover_id-0c5b40d8-1,2021,Mixed Forests,Tree Cover,Cool Mixed Forest,NB-MAIN-0c5b40d8,https://doi.org/10.5067/MODIS/MCD12Q1.061 + https://doi.org/10.5281/zenodo.7254221
land_cover_id-484e4fa3-1,2021,Woody Savannas,Built-up,Cool Mixed Forest,ON-MAIN-484e4fa3,https://doi.org/10.5067/MODIS/MCD12Q1.061 + https://doi.org/10.5281/zenodo.7254221
land_cover_id-91cf5448-1,2021,Woody Savannas,Bare/Sparse Vegetation,Cold Evergreen Needleleaf Forest,SK-MAIN-91cf5448,https://doi.org/10.5067/MODIS/MCD12Q1.061 + https://doi.org/10.5281/zenodo.7254221
land_cover_id-bb89158f-1,2021,Grasslands,Moss & Lichen,Cold Evergreen Needleleaf Forest,SK-MAIN-bb89158f,https://doi.org/10.5067/MODIS/MCD12Q1.061 + https://doi.org/10.5281/zenodo.7254221
land_cover_id-d3c471e8-1,2021,Grasslands,Bare/Sparse Vegetation,Cold Evergreen Needleleaf Forest,SK-MAIN-d3c471e8,https://doi.org/10.5067/MODIS/MCD12Q1.061 + https://doi.org/10.5281/zenodo.7254221
land_cover_id-237587f6-1,2021,Water,Built-up,,ON-MAIN-237587f6,https://doi.org/10.5067/MODIS/MCD12Q1.061 + https://doi.org/10.5281/zenodo.7254221
land_cover_id-4c5c1179-1,2021,Mixed Forests,Tree Cover,Cool Mixed Forest,ON-MAIN-4c5c1179,https://doi.org/10.5067/MODIS/MCD12Q1.061 + https://doi.org/10.5281/zenodo.7254221
land_cover_id-8e04eb21-1,2021,Deciduous Broadleaf Forest,Bare/Sparse Vegetation,Cool Mixed Forest,NB-MAIN-8e04eb21,https://doi.org/10.5067/MODIS/MCD12Q1.061 + https://doi.org/10.5281/zenodo.7254221
land_cover_id-37e9571e-1,2021,Woody Savannas,Built-up,Cold Evergreen Needleleaf Forest,ON-MAIN-37e9571e,https://doi.org/10.5067/MODIS/MCD12Q1.061 + https://doi.org/10.5281/zenodo.7254221
land_cover_id-3e7d42ac-1,2021,Woody Savannas,Grassland,Cool Mixed Forest,NB-MAIN-3e7d42ac,https://doi.org/10.5067/MODIS/MCD12Q1.061 + https://doi.org/10.5281/zenodo.7254221
land_cover_id-eae1621e-1,2021,Permanent Wetlands,Moss & Lichen,Cold Evergreen Needleleaf Forest,NU-MAIN-eae1621e,https://doi.org/10.5067/MODIS/MCD12Q1.061 + https://doi.org/10.5281/zenodo.7254221
land_cover_id-5ce331b8-1,2021,Grasslands,Moss & Lichen,Low and High Shrub Tundra,QC-MAIN-5ce331b8,https://doi.org/10.5067/MODIS/MCD12Q1.061 + https://doi.org/10.5281/zenodo.7254221
land_cover_id-eba3e309-1,2021,Woody Savannas,Tree Cover,Cold Evergreen Needleleaf Forest,BC-MAIN-eba3e309,https://doi.org/10.5067/MODIS/MCD12Q1.061 + https://doi.org/10.5281/zenodo.7254221
land_cover_id-e34feb4d-1,2021,Grasslands,Moss & Lichen,Cold Evergreen Needleleaf Forest,BC-MAIN-e34feb4d,https://doi.org/10.5067/MODIS/MCD12Q1.061 + https://doi.org/10.5281/zenodo.7254221
land_cover_id-ed23117f-1,2021,Evergreen Needleleaf Forest,Bare/Sparse Vegetation,Cold Evergreen Needleleaf Forest,BC-MAIN-ed23117f,https://doi.org/10.5067/MODIS/MCD12Q1.061 + https://doi.org/10.5281/zenodo.7254221
land_cover_id-089f3c60-1,2021,Grasslands,Bare/Sparse Vegetation,,QC-MAIN-089f3c60,https://doi.org/10.5067/MODIS/MCD12Q1.061 + https://doi.org/10.5281/zenodo.7254221
land_cover_id-251d6364-1,2021,Woody Savannas,Tree Cover,Cool Mixed Forest,NL-MAIN-251d6364,https://doi.org/10.5067/MODIS/MCD12Q1.061 + https://doi.org/10.5281/zenodo.7254221
land_cover_id-be399420-1,2021,Woody Savannas,Tree Cover,Cool Mixed Forest,ON-MAIN-be399420,https://doi.org/10.5067/MODIS/MCD12Q1.061 + https://doi.org/10.5281/zenodo.7254221
land_cover_id-3330383b-1,2021,Savannas,Tree Cover,Cold Evergreen Needleleaf Forest,QC-MAIN-3330383b,https://doi.org/10.5067/MODIS/MCD12Q1.061 + https://doi.org/10.5281/zenodo.7254221
land_cover_id-6fca9d6d-1,2021,Savannas,Bare/Sparse Vegetation,Cold Evergreen Needleleaf Forest,MB-MAIN-6fca9d6d,https://doi.org/10.5067/MODIS/MCD12Q1.061 + https://doi.org/10.5281/zenodo.7254221
land_cover_id-d4e2812a-1,2021,Woody Savannas,Tree Cover,Cold Evergreen Needleleaf Forest,QC-MAIN-d4e2812a,https://doi.org/10.5067/MODIS/MCD12Q1.061 + https://doi.org/10.5281/zenodo.7254221
land_cover_id-9a0307f6-1,2021,Evergreen Needleleaf Forest,Tree Cover,Cold Evergreen Needleleaf Forest,AB-MAIN-9a0307f6,https://doi.org/10.5067/MODIS/MCD12Q1.061 + https://doi.org/10.5281/zenodo.7254221
land_cover_id-715d4318-1,2021,Urban & Built-up,Built-up,Cool Mixed Forest,QC-MAIN-715d4318,https://doi.org/10.5067/MODIS/MCD12Q1.061 + https://doi.org/10.5281/zenodo.7254221
land_cover_id-94e652a5-1,2021,Grasslands,Moss & Lichen,Cold Evergreen Needleleaf Forest,NT-MAIN-94e652a5,https://doi.org/10.5067/MODIS/MCD12Q1.061 + https://doi.org/10.5281/zenodo.7254221
land_cover_id-382acb18-1,2021,Evergreen Needleleaf Forest,Tree Cover,Cold Evergreen Needleleaf Forest,BC-MAIN-382acb18,https://doi.org/10.5067/MODIS/MCD12Q1.061 + https://doi.org/10.5281/zenodo.7254221
land_cover_id-4aef3cb2-1,2021,Savannas,Tree Cover,Cold Evergreen Needleleaf Forest,SK-MAIN-4aef3cb2,https://doi.org/10.5067/MODIS/MCD12Q1.061 + https://doi.org/10.5281/zenodo.7254221
land_cover_id-95ec2625-1,2021,Woody Savannas,Bare/Sparse Vegetation,Cold Evergreen Needleleaf Forest,SK-MAIN-95ec2625,https://doi.org/10.5067/MODIS/MCD12Q1.061 + https://doi.org/10.5281/zenodo.7254221
land_cover_id-51068f3b-1,2021,Evergreen Needleleaf Forest,Grassland,Low and High Shrub Tundra,BC-MAIN-51068f3b,https://doi.org/10.5067/MODIS/MCD12Q1.061 + https://doi.org/10.5281/zenodo.7254221
land_cover_id-7d4a0421-1,2021,Croplands,Grassland,Cold Evergreen Needleleaf Forest,AB-MAIN-7d4a0421,https://doi.org/10.5067/MODIS/MCD12Q1.061 + https://doi.org/10.5281/zenodo.7254221
land_cover_id-f9e41c2a-1,2021,Woody Savannas,Bare/Sparse Vegetation,Cool Mixed Forest,QC-MAIN-f9e41c2a,https://doi.org/10.5067/MODIS/MCD12Q1.061 + https://doi.org/10.5281/zenodo.7254221
land_cover_id-6664e89b-1,2021,Woody Savannas,Built-up,Cool Mixed Forest,ON-MAIN-6664e89b,https://doi.org/10.5067/MODIS/MCD12Q1.061 + https://doi.org/10.5281/zenodo.7254221
land_cover_id-5398dfac-1,2021,Grasslands,Built-up,Cool Mixed Forest,QC-MAIN-5398dfac,https://doi.org/10.5067/MODIS/MCD12Q1.061 + https://doi.org/10.5281/zenodo.7254221
land_cover_id-2cf66e65-1,2021,Croplands,Grassland,Cool Mixed Forest,QC-MAIN-2cf66e65,https://doi.org/10.5067/MODIS/MCD12Q1.061 + https://doi.org/10.5281/zenodo.7254221
land_cover_id-7f050560-1,2021,Woody Savannas,Bare/Sparse Vegetation,Cool Mixed Forest,ON-MAIN-7f050560,https://doi.org/10.5067/MODIS/MCD12Q1.061 + https://doi.org/10.5281/zenodo.7254221
land_cover_id-26b9aaf3-1,2021,Urban & Built-up,Built-up,Steppe,SK-MAIN-26b9aaf3,https://doi.org/10.5067/MODIS/MCD12Q1.061 + https://doi.org/10.5281/zenodo.7254221
land_cover_id-c1cc9f7c-1,2021,Croplands,Built-up,Cool Mixed Forest,QC-MAIN-c1cc9f7c,https://doi.org/10.5067/MODIS/MCD12Q1.061 + https://doi.org/10.5281/zenodo.7254221
land_cover_id-c139de6d-1,2021,Woody Savannas,Bare/Sparse Vegetation,Cool Mixed Forest,NL-MAIN-c139de6d,https://doi.org/10.5067/MODIS/MCD12Q1.061 + https://doi.org/10.5281/zenodo.7254221
land_cover_id-842ba1b4-1,2021,Woody Savannas,Tree Cover,,NL-MAIN-842ba1b4,https://doi.org/10.5067/MODIS/MCD12Q1.061 + https://doi.org/10.5281/zenodo.7254221
land_cover_id-ca488f19-1,2021,Barren,Bare/Sparse Vegetation,Low and High Shrub Tundra,YT-MAIN-ca488f19,https://doi.org/10.5067/MODIS/MCD12Q1.061 + https://doi.org/10.5281/zenodo.7254221
land_cover_id-70d629b4-1,2021,Grasslands,Moss & Lichen,Low and High Shrub Tundra,YT-MAIN-70d629b4,https://doi.org/10.5067/MODIS/MCD12Q1.061 + https://doi.org/10.5281/zenodo.7254221
land_cover_id-efff21d3-1,2021,Grasslands,Bare/Sparse Vegetation,Cool Evergreen Needleleaf Forest,BC-MAIN-efff21d3,https://doi.org/10.5067/MODIS/MCD12Q1.061 + https://doi.org/10.5281/zenodo.7254221
land_cover_id-0684a5d8-1,2021,Water,Tree Cover,Cold Evergreen Needleleaf Forest,SK-MAIN-0684a5d8,https://doi.org/10.5067/MODIS/MCD12Q1.061 + https://doi.org/10.5281/zenodo.7254221
land_cover_id-f7fde5b4-1,2021,Woody Savannas,Bare/Sparse Vegetation,Cold Evergreen Needleleaf Forest,MB-MAIN-f7fde5b4,https://doi.org/10.5067/MODIS/MCD12Q1.061 + https://doi.org/10.5281/zenodo.7254221
land_cover_id-ae473a4e-1,2021,Woody Savannas,Bare/Sparse Vegetation,Cold Evergreen Needleleaf Forest,QC-MAIN-ae473a4e,https://doi.org/10.5067/MODIS/MCD12Q1.061 + https://doi.org/10.5281/zenodo.7254221
land_cover_id-7a11ae49-1,2021,Woody Savannas,Grassland,Cold Evergreen Needleleaf Forest,SK-MAIN-7a11ae49,https://doi.org/10.5067/MODIS/MCD12Q1.061 + https://doi.org/10.5281/zenodo.7254221
land_cover_id-ca9625ce-1,2021,Croplands,Cropland,Cold Evergreen Needleleaf Forest,AB-MAIN-ca9625ce,https://doi.org/10.5067/MODIS/MCD12Q1.061 + https://doi.org/10.5281/zenodo.7254221
land_cover_id-b7cdf82c-1,2021,Savannas,Moss & Lichen,Cold Evergreen Needleleaf Forest,NT-MAIN-b7cdf82c,https://doi.org/10.5067/MODIS/MCD12Q1.061 + https://doi.org/10.5281/zenodo.7254221
land_cover_id-d47616e5-1,2021,Evergreen Needleleaf Forest,Tree Cover,Cool Mixed Forest,ON-MAIN-d47616e5,https://doi.org/10.5067/MODIS/MCD12Q1.061 + https://doi.org/10.5281/zenodo.7254221
land_cover_id-e1641dfb-1,2021,Grasslands,Tree Cover,Cold Evergreen Needleleaf Forest,BC-MAIN-e1641dfb,https://doi.org/10.5067/MODIS/MCD12Q1.061 + https://doi.org/10.5281/zenodo.7254221
land_cover_id-c06904f0-1,2021,Evergreen Needleleaf Forest,Tree Cover,Cold Evergreen Needleleaf Forest,ON-MAIN-c06904f0,https://doi.org/10.5067/MODIS/MCD12Q1.061 + https://doi.org/10.5281/zenodo.7254221
land_cover_id-64bbe7e6-1,2021,Mixed Forests,Tree Cover,Cool Mixed Forest,ON-MAIN-64bbe7e6,https://doi.org/10.5067/MODIS/MCD12Q1.061 + https://doi.org/10.5281/zenodo.7254221
land_cover_id-22426144-1,2021,Urban & Built-up,Built-up,Cool Mixed Forest,QC-MAIN-22426144,https://doi.org/10.5067/MODIS/MCD12Q1.061 + https://doi.org/10.5281/zenodo.7254221
land_cover_id-0d5c2cae-1,2021,Croplands,Bare/Sparse Vegetation,Cool Mixed Forest,MB-MAIN-0d5c2cae,https://doi.org/10.5067/MODIS/MCD12Q1.061 + https://doi.org/10.5281/zenodo.7254221
land_cover_id-92cdea80-1,2021,Urban & Built-up,Built-up,Cool Mixed Forest,ON-MAIN-92cdea80,https://doi.org/10.5067/MODIS/MCD12Q1.061 + https://doi.org/10.5281/zenodo.7254221
land_cover_id-bddeaef0-1,2021,Savannas,Built-up,Cool Mixed Forest,ON-MAIN-bddeaef0,https://doi.org/10.5067/MODIS/MCD12Q1.061 + https://doi.org/10.5281/zenodo.7254221
land_cover_id-b4ca1426-1,2021,Urban & Built-up,Built-up,Cool Mixed Forest,MB-MAIN-b4ca1426,https://doi.org/10.5067/MODIS/MCD12Q1.061 + https://doi.org/10.5281/zenodo.7254221
land_cover_id-21b6ab35-1,2021,Urban & Built-up,Built-up,Cool Mixed Forest,ON-MAIN-21b6ab35,https://doi.org/10.5067/MODIS/MCD12Q1.061 + https://doi.org/10.5281/zenodo.7254221
land_cover_id-de3d8b7b-1,2021,Urban & Built-up,Built-up,,QC-MAIN-de3d8b7b,https://doi.org/10.5067/MODIS/MCD12Q1.061 + https://doi.org/10.5281/zenodo.7254221
land_cover_id-529c96b4-1,2021,Urban & Built-up,Built-up,Cool Mixed Forest,QC-MAIN-529c96b4,https://doi.org/10.5067/MODIS/MCD12Q1.061 + https://doi.org/10.5281/zenodo.7254221
land_cover_id-206041d1-1,2021,Woody Savannas,Built-up,Cool Mixed Forest,ON-MAIN-206041d1,https://doi.org/10.5067/MODIS/MCD12Q1.061 + https://doi.org/10.5281/zenodo.7254221
land_cover_id-abb3e1c7-1,2021,Urban & Built-up,Built-up,Cool Mixed Forest,QC-MAIN-abb3e1c7,https://doi.org/10.5067/MODIS/MCD12Q1.061 + https://doi.org/10.5281/zenodo.7254221
land_cover_id-30c1828c-1,2021,Woody Savannas,Built-up,Cool Mixed Forest,QC-MAIN-30c1828c,https://doi.org/10.5067/MODIS/MCD12Q1.061 + https://doi.org/10.5281/zenodo.7254221
land_cover_id-f8313ebd-1,2021,Woody Savannas,Bare/Sparse Vegetation,Cool Mixed Forest,ON-MAIN-f8313ebd,https://doi.org/10.5067/MODIS/MCD12Q1.061 + https://doi.org/10.5281/zenodo.7254221
land_cover_id-fcb287a4-1,2021,Woody Savannas,Built-up,Cool Mixed Forest,ON-MAIN-fcb287a4,https://doi.org/10.5067/MODIS/MCD12Q1.061 + https://doi.org/10.5281/zenodo.7254221
land_cover_id-319e04a8-1,2021,Woody Savannas,Tree Cover,Cool Mixed Forest,ON-MAIN-319e04a8,https://doi.org/10.5067/MODIS/MCD12Q1.061 + https://doi.org/10.5281/zenodo.7254221
land_cover_id-a97821c0-1,2021,Barren,Bare/Sparse Vegetation,Low and High Shrub Tundra,QC-MAIN-a97821c0,https://doi.org/10.5067/MODIS/MCD12Q1.061 + https://doi.org/10.5281/zenodo.7254221
land_cover_id-ed85ac94-1,2021,Deciduous Broadleaf Forest,Built-up,Cool Mixed Forest,ON-MAIN-ed85ac94,https://doi.org/10.5067/MODIS/MCD12Q1.061 + https://doi.org/10.5281/zenodo.7254221
land_cover_id-40ce0593-1,2021,Grasslands,Built-up,Cool Mixed Forest,ON-MAIN-40ce0593,https://doi.org/10.5067/MODIS/MCD12Q1.061 + https://doi.org/10.5281/zenodo.7254221
land_cover_id-4724f4ba-1,2021,Grasslands,Grassland,Cold Evergreen Needleleaf Forest,BC-MAIN-4724f4ba,https://doi.org/10.5067/MODIS/MCD12Q1.061 + https://doi.org/10.5281/zenodo.7254221
land_cover_id-956d050a-1,2021,Woody Savannas,Tree Cover,Cold Evergreen Needleleaf Forest,YT-MAIN-956d050a,https://doi.org/10.5067/MODIS/MCD12Q1.061 + https://doi.org/10.5281/zenodo.7254221
land_cover_id-97ee890f-1,2021,Mixed Forests,Tree Cover,Cool Mixed Forest,ON-MAIN-97ee890f,https://doi.org/10.5067/MODIS/MCD12Q1.061 + https://doi.org/10.5281/zenodo.7254221
land_cover_id-27a90834-1,2021,Mixed Forests,Tree Cover,Cool Mixed Forest,MB-MAIN-27a90834,https://doi.org/10.5067/MODIS/MCD12Q1.061 + https://doi.org/10.5281/zenodo.7254221
land_cover_id-fbe28fef-1,2021,Croplands,Cropland,Steppe,SK-MAIN-fbe28fef,https://doi.org/10.5067/MODIS/MCD12Q1.061 + https://doi.org/10.5281/zenodo.7254221
land_cover_id-b031959a-1,2021,Woody Savannas,Tree Cover,Cold Evergreen Needleleaf Forest,BC-MAIN-b031959a,https://doi.org/10.5067/MODIS/MCD12Q1.061 + https://doi.org/10.5281/zenodo.7254221
land_cover_id-b86f7d07-1,2021,Savannas,Bare/Sparse Vegetation,Cool Mixed Forest,QC-MAIN-b86f7d07,https://doi.org/10.5067/MODIS/MCD12Q1.061 + https://doi.org/10.5281/zenodo.7254221
land_cover_id-44857446-1,2021,Woody Savannas,Tree Cover,Cold Evergreen Needleleaf Forest,YT-MAIN-44857446,https://doi.org/10.5067/MODIS/MCD12Q1.061 + https://doi.org/10.5281/zenodo.7254221
land_cover_id-c3105f43-1,2021,Grasslands,Grassland,Low and High Shrub Tundra,YT-MAIN-c3105f43,https://doi.org/10.5067/MODIS/MCD12Q1.061 + https://doi.org/10.5281/zenodo.7254221
land_cover_id-fc6f1a44-1,2021,Grasslands,Built-up,Cool Mixed Forest,ON-MAIN-fc6f1a44,https://doi.org/10.5067/MODIS/MCD12Q1.061 + https://doi.org/10.5281/zenodo.7254221
land_cover_id-e2e67f8f-1,2021,Woody Savannas,Tree Cover,Cold Evergreen Needleleaf Forest,MB-MAIN-e2e67f8f,https://doi.org/10.5067/MODIS/MCD12Q1.061 + https://doi.org/10.5281/zenodo.7254221
land_cover_id-599152a0-1,2021,Grasslands,Bare/Sparse Vegetation,Cool Evergreen Needleleaf Forest,BC-MAIN-599152a0,https://doi.org/10.5067/MODIS/MCD12Q1.061 + https://doi.org/10.5281/zenodo.7254221
land_cover_id-be5b3dc8-1,2021,Woody Savannas,Tree Cover,Cold Evergreen Needleleaf Forest,MB-MAIN-be5b3dc8,https://doi.org/10.5067/MODIS/MCD12Q1.061 + https://doi.org/10.5281/zenodo.7254221
land_cover_id-da0b5c3d-1,2021,Woody Savannas,Built-up,,MB-MAIN-da0b5c3d,https://doi.org/10.5067/MODIS/MCD12Q1.061 + https://doi.org/10.5281/zenodo.7254221
land_cover_id-c0684566-1,2021,Woody Savannas,Tree Cover,,MB-MAIN-c0684566,https://doi.org/10.5067/MODIS/MCD12Q1.061 + https://doi.org/10.5281/zenodo.7254221
land_cover_id-0898e255-1,2021,Woody Savannas,Bare/Sparse Vegetation,Cold Evergreen Needleleaf Forest,MB-MAIN-0898e255,https://doi.org/10.5067/MODIS/MCD12Q1.061 + https://doi.org/10.5281/zenodo.7254221
land_cover_id-854abe09-1,2021,Evergreen Needleleaf Forest,Tree Cover,Cold Evergreen Needleleaf Forest,MB-MAIN-854abe09,https://doi.org/10.5067/MODIS/MCD12Q1.061 + https://doi.org/10.5281/zenodo.7254221
land_cover_id-1a82a1b7-1,2021,Woody Savannas,Tree Cover,Cold Evergreen Needleleaf Forest,MB-MAIN-1a82a1b7,https://doi.org/10.5067/MODIS/MCD12Q1.061 + https://doi.org/10.5281/zenodo.7254221
land_cover_id-b5b81ee3-1,2021,Woody Savannas,Tree Cover,Cold Evergreen Needleleaf Forest,MB-MAIN-b5b81ee3,https://doi.org/10.5067/MODIS/MCD12Q1.061 + https://doi.org/10.5281/zenodo.7254221
land_cover_id-02884fb5-1,2021,Woody Savannas,Bare/Sparse Vegetation,Cool Mixed Forest,QC-MAIN-02884fb5,https://doi.org/10.5067/MODIS/MCD12Q1.061 + https://doi.org/10.5281/zenodo.7254221
land_cover_id-a3c56a83-1,2021,Woody Savannas,Bare/Sparse Vegetation,Cold Evergreen Needleleaf Forest,ON-MAIN-a3c56a83,https://doi.org/10.5067/MODIS/MCD12Q1.061 + https://doi.org/10.5281/zenodo.7254221
land_cover_id-3f490561-1,2021,Barren,Bare/Sparse Vegetation,Cold Evergreen Needleleaf Forest,BC-MAIN-3f490561,https://doi.org/10.5067/MODIS/MCD12Q1.061 + https://doi.org/10.5281/zenodo.7254221
land_cover_id-586679b9-1,2021,Permanent Wetlands,Grassland,Cold Evergreen Needleleaf Forest,QC-MAIN-586679b9,https://doi.org/10.5067/MODIS/MCD12Q1.061 + https://doi.org/10.5281/zenodo.7254221
land_cover_id-dd723db4-1,2021,Barren,Bare/Sparse Vegetation,Cold Evergreen Needleleaf Forest,NL-MAIN-dd723db4,https://doi.org/10.5067/MODIS/MCD12Q1.061 + https://doi.org/10.5281/zenodo.7254221
land_cover_id-7001a391-1,2021,Woody Savannas,Bare/Sparse Vegetation,Cool Mixed Forest,ON-MAIN-7001a391,https://doi.org/10.5067/MODIS/MCD12Q1.061 + https://doi.org/10.5281/zenodo.7254221
land_cover_id-9a34108c-1,2021,Woody Savannas,Tree Cover,Cool Mixed Forest,ON-MAIN-9a34108c,https://doi.org/10.5067/MODIS/MCD12Q1.061 + https://doi.org/10.5281/zenodo.7254221
land_cover_id-6bd6cc80-1,2021,Urban & Built-up,Built-up,Cool Mixed Forest,ON-MAIN-6bd6cc80,https://doi.org/10.5067/MODIS/MCD12Q1.061 + https://doi.org/10.5281/zenodo.7254221
land_cover_id-a832fb0a-1,2021,Water,Tree Cover,Cold Evergreen Needleleaf Forest,MB-MAIN-a832fb0a,https://doi.org/10.5067/MODIS/MCD12Q1.061 + https://doi.org/10.5281/zenodo.7254221
land_cover_id-12730593-1,2021,Woody Savannas,Tree Cover,Cold Evergreen Needleleaf Forest,BC-MAIN-12730593,https://doi.org/10.5067/MODIS/MCD12Q1.061 + https://doi.org/10.5281/zenodo.7254221
land_cover_id-575c5e66-1,2021,Urban & Built-up,Tree Cover,Cool Mixed Forest,ON-MAIN-575c5e66,https://doi.org/10.5067/MODIS/MCD12Q1.061 + https://doi.org/10.5281/zenodo.7254221
land_cover_id-6b998583-1,2021,Urban & Built-up,Built-up,Cool Mixed Forest,ON-MAIN-6b998583,https://doi.org/10.5067/MODIS/MCD12Q1.061 + https://doi.org/10.5281/zenodo.7254221
land_cover_id-0414a373-1,2021,Urban & Built-up,Built-up,Cool Mixed Forest,QC-MAIN-0414a373,https://doi.org/10.5067/MODIS/MCD12Q1.061 + https://doi.org/10.5281/zenodo.7254221
land_cover_id-35d0dc71-1,2021,Woody Savannas,Grassland,Cold Evergreen Needleleaf Forest,AB-MAIN-35d0dc71,https://doi.org/10.5067/MODIS/MCD12Q1.061 + https://doi.org/10.5281/zenodo.7254221
land_cover_id-a2c6775d-1,2021,Deciduous Broadleaf Forest,Tree Cover,Cool Mixed Forest,QC-MAIN-a2c6775d,https://doi.org/10.5067/MODIS/MCD12Q1.061 + https://doi.org/10.5281/zenodo.7254221
land_cover_id-b1d981ca-1,2021,Woody Savannas,Tree Cover,Cool Mixed Forest,ON-MAIN-b1d981ca,https://doi.org/10.5067/MODIS/MCD12Q1.061 + https://doi.org/10.5281/zenodo.7254221
land_cover_id-54b7e152-1,2021,Deciduous Broadleaf Forest,Tree Cover,Cool Mixed Forest,ON-MAIN-54b7e152,https://doi.org/10.5067/MODIS/MCD12Q1.061 + https://doi.org/10.5281/zenodo.7254221
land_cover_id-aa793d35-1,2021,Woody Savannas,Grassland,Cool Mixed Forest,QC-MAIN-aa793d35,https://doi.org/10.5067/MODIS/MCD12Q1.061 + https://doi.org/10.5281/zenodo.7254221
land_cover_id-649d2873-1,2021,Savannas,Bare/Sparse Vegetation,Cool Mixed Forest,QC-MAIN-649d2873,https://doi.org/10.5067/MODIS/MCD12Q1.061 + https://doi.org/10.5281/zenodo.7254221
land_cover_id-a555d9b9-1,2021,Savannas,Built-up,Cool Mixed Forest,QC-MAIN-a555d9b9,https://doi.org/10.5067/MODIS/MCD12Q1.061 + https://doi.org/10.5281/zenodo.7254221
land_cover_id-c1e4dee0-1,2021,Croplands,Cropland,Cool Mixed Forest,NB-MAIN-c1e4dee0,https://doi.org/10.5067/MODIS/MCD12Q1.061 + https://doi.org/10.5281/zenodo.7254221
land_cover_id-f021107e-1,2021,Mixed Forests,Bare/Sparse Vegetation,Cool Mixed Forest,NL-MAIN-f021107e,https://doi.org/10.5067/MODIS/MCD12Q1.061 + https://doi.org/10.5281/zenodo.7254221
land_cover_id-615ebdb4-1,2021,Woody Savannas,Tree Cover,Cold Evergreen Needleleaf Forest,QC-MAIN-615ebdb4,https://doi.org/10.5067/MODIS/MCD12Q1.061 + https://doi.org/10.5281/zenodo.7254221
land_cover_id-470b504b-1,2021,Urban & Built-up,Grassland,Cool Mixed Forest,ON-MAIN-470b504b,https://doi.org/10.5067/MODIS/MCD12Q1.061 + https://doi.org/10.5281/zenodo.7254221
land_cover_id-4e0734b5-1,2021,Woody Savannas,Bare/Sparse Vegetation,Cool Mixed Forest,ON-MAIN-4e0734b5,https://doi.org/10.5067/MODIS/MCD12Q1.061 + https://doi.org/10.5281/zenodo.7254221
land_cover_id-237d67c1-1,2021,Savannas,Tree Cover,Cold Evergreen Needleleaf Forest,QC-MAIN-237d67c1,https://doi.org/10.5067/MODIS/MCD12Q1.061 + https://doi.org/10.5281/zenodo.7254221
land_cover_id-c7247100-1,2021,Evergreen Needleleaf Forest,Tree Cover,Cold Evergreen Needleleaf Forest,BC-MAIN-c7247100,https://doi.org/10.5067/MODIS/MCD12Q1.061 + https://doi.org/10.5281/zenodo.7254221
land_cover_id-752fbcae-1,2021,Savannas,Built-up,Cold Evergreen Needleleaf Forest,YT-MAIN-752fbcae,https://doi.org/10.5067/MODIS/MCD12Q1.061 + https://doi.org/10.5281/zenodo.7254221
land_cover_id-8e62bfbc-1,2021,Grasslands,Moss & Lichen,Low and High Shrub Tundra,NU-MAIN-8e62bfbc,https://doi.org/10.5067/MODIS/MCD12Q1.061 + https://doi.org/10.5281/zenodo.7254221
land_cover_id-1ef8af2c-1,2021,Permanent Wetlands,Permanent Water Bodies,Low and High Shrub Tundra,NU-MAIN-1ef8af2c,https://doi.org/10.5067/MODIS/MCD12Q1.061 + https://doi.org/10.5281/zenodo.7254221
land_cover_id-eb73fd68-1,2021,Croplands,Grassland,Cool Mixed Forest,QC-MAIN-eb73fd68,https://doi.org/10.5067/MODIS/MCD12Q1.061 + https://doi.org/10.5281/zenodo.7254221
land_cover_id-9d41d417-1,2021,Savannas,Grassland,Cool Mixed Forest,QC-MAIN-9d41d417,https://doi.org/10.5067/MODIS/MCD12Q1.061 + https://doi.org/10.5281/zenodo.7254221
land_cover_id-2bb07cd3-1,2021,Deciduous Broadleaf Forest,Tree Cover,Cool Mixed Forest,ON-MAIN-2bb07cd3,https://doi.org/10.5067/MODIS/MCD12Q1.061 + https://doi.org/10.5281/zenodo.7254221
land_cover_id-aa76f6f2-1,2021,Grasslands,Grassland,Temperate Evergreen Needleleaf Open Woodland,BC-MAIN-aa76f6f2,https://doi.org/10.5067/MODIS/MCD12Q1.061 + https://doi.org/10.5281/zenodo.7254221
land_cover_id-0aadf28f-1,2021,Grasslands,Bare/Sparse Vegetation,Cool Mixed Forest,ON-MAIN-0aadf28f,https://doi.org/10.5067/MODIS/MCD12Q1.061 + https://doi.org/10.5281/zenodo.7254221
land_cover_id-1c674cd0-1,2021,Woody Savannas,Bare/Sparse Vegetation,Cool Mixed Forest,ON-MAIN-1c674cd0,https://doi.org/10.5067/MODIS/MCD12Q1.061 + https://doi.org/10.5281/zenodo.7254221
land_cover_id-857b7b89-1,2021,Grasslands,Tree Cover,Low and High Shrub Tundra,BC-MAIN-857b7b89,https://doi.org/10.5067/MODIS/MCD12Q1.061 + https://doi.org/10.5281/zenodo.7254221
land_cover_id-c720b195-1,2021,Grasslands,Grassland,Cold Evergreen Needleleaf Forest,BC-MAIN-c720b195,https://doi.org/10.5067/MODIS/MCD12Q1.061 + https://doi.org/10.5281/zenodo.7254221
land_cover_id-8629a493-1,2021,Urban & Built-up,Bare/Sparse Vegetation,Cool Mixed Forest,ON-MAIN-8629a493,https://doi.org/10.5067/MODIS/MCD12Q1.061 + https://doi.org/10.5281/zenodo.7254221
land_cover_id-538513cd-1,2021,Grasslands,Built-up,Cool Mixed Forest,ON-MAIN-538513cd,https://doi.org/10.5067/MODIS/MCD12Q1.061 + https://doi.org/10.5281/zenodo.7254221
land_cover_id-fefeaee4-1,2021,Woody Savannas,Bare/Sparse Vegetation,Cold Evergreen Needleleaf Forest,ON-MAIN-fefeaee4,https://doi.org/10.5067/MODIS/MCD12Q1.061 + https://doi.org/10.5281/zenodo.7254221
land_cover_id-3b3e5365-1,2021,Grasslands,Bare/Sparse Vegetation,Cool Mixed Forest,ON-MAIN-3b3e5365,https://doi.org/10.5067/MODIS/MCD12Q1.061 + https://doi.org/10.5281/zenodo.7254221
land_cover_id-8eb8be0d-1,2021,Woody Savannas,Tree Cover,Cold Evergreen Needleleaf Forest,BC-MAIN-8eb8be0d,https://doi.org/10.5067/MODIS/MCD12Q1.061 + https://doi.org/10.5281/zenodo.7254221
land_cover_id-6dc537e6-1,2021,Permanent Wetlands,Bare/Sparse Vegetation,Cold Evergreen Needleleaf Forest,QC-MAIN-6dc537e6,https://doi.org/10.5067/MODIS/MCD12Q1.061 + https://doi.org/10.5281/zenodo.7254221
land_cover_id-b4655afb-1,2021,Permanent Wetlands,Tree Cover,Low and High Shrub Tundra,BC-MAIN-b4655afb,https://doi.org/10.5067/MODIS/MCD12Q1.061 + https://doi.org/10.5281/zenodo.7254221
land_cover_id-3012889c-1,2021,Savannas,Tree Cover,Cold Evergreen Needleleaf Forest,SK-MAIN-3012889c,https://doi.org/10.5067/MODIS/MCD12Q1.061 + https://doi.org/10.5281/zenodo.7254221
land_cover_id-1910d1c3-1,2021,Grasslands,Bare/Sparse Vegetation,Cold Evergreen Needleleaf Forest,YT-MAIN-1910d1c3,https://doi.org/10.5067/MODIS/MCD12Q1.061 + https://doi.org/10.5281/zenodo.7254221
land_cover_id-288718a6-1,2021,Mixed Forests,Tree Cover,Cool Mixed Forest,QC-MAIN-288718a6,https://doi.org/10.5067/MODIS/MCD12Q1.061 + https://doi.org/10.5281/zenodo.7254221
land_cover_id-f58cc895-1,2021,Mixed Forests,Tree Cover,Cool Mixed Forest,NB-MAIN-f58cc895,https://doi.org/10.5067/MODIS/MCD12Q1.061 + https://doi.org/10.5281/zenodo.7254221
land_cover_id-8b86d975-1,2021,Mixed Forests,Built-up,Cool Mixed Forest,ON-MAIN-8b86d975,https://doi.org/10.5067/MODIS/MCD12Q1.061 + https://doi.org/10.5281/zenodo.7254221
land_cover_id-6fbdcf4c-1,2021,Evergreen Needleleaf Forest,Tree Cover,Cool Evergreen Needleleaf Forest,BC-MAIN-6fbdcf4c,https://doi.org/10.5067/MODIS/MCD12Q1.061 + https://doi.org/10.5281/zenodo.7254221
land_cover_id-265a57f6-1,2021,Woody Savannas,Tree Cover,Cold Evergreen Needleleaf Forest,BC-MAIN-265a57f6,https://doi.org/10.5067/MODIS/MCD12Q1.061 + https://doi.org/10.5281/zenodo.7254221
land_cover_id-b3681e03-1,2021,Savannas,Bare/Sparse Vegetation,Cold Evergreen Needleleaf Forest,NT-MAIN-b3681e03,https://doi.org/10.5067/MODIS/MCD12Q1.061 + https://doi.org/10.5281/zenodo.7254221
land_cover_id-d6748d40-1,2021,Mixed Forests,Tree Cover,,QC-MAIN-d6748d40,https://doi.org/10.5067/MODIS/MCD12Q1.061 + https://doi.org/10.5281/zenodo.7254221
land_cover_id-69bb36c1-1,2021,Mixed Forests,Tree Cover,Cool Evergreen Needleleaf Forest,QC-MAIN-69bb36c1,https://doi.org/10.5067/MODIS/MCD12Q1.061 + https://doi.org/10.5281/zenodo.7254221
land_cover_id-60ba74c4-1,2021,Savannas,Bare/Sparse Vegetation,Cold Evergreen Needleleaf Forest,SK-MAIN-60ba74c4,https://doi.org/10.5067/MODIS/MCD12Q1.061 + https://doi.org/10.5281/zenodo.7254221
land_cover_id-b99d4cb2-1,2021,Savannas,Tree Cover,Cold Evergreen Needleleaf Forest,NT-MAIN-b99d4cb2,https://doi.org/10.5067/MODIS/MCD12Q1.061 + https://doi.org/10.5281/zenodo.7254221
land_cover_id-a498ddc6-1,2021,Savannas,Tree Cover,Cold Evergreen Needleleaf Forest,NL-MAIN-a498ddc6,https://doi.org/10.5067/MODIS/MCD12Q1.061 + https://doi.org/10.5281/zenodo.7254221
land_cover_id-bfbcd72e-1,2021,Woody Savannas,Bare/Sparse Vegetation,Cool Mixed Forest,ON-MAIN-bfbcd72e,https://doi.org/10.5067/MODIS/MCD12Q1.061 + https://doi.org/10.5281/zenodo.7254221
land_cover_id-f3e6ff08-1,2021,Mixed Forests,Bare/Sparse Vegetation,Cool Mixed Forest,ON-MAIN-f3e6ff08,https://doi.org/10.5067/MODIS/MCD12Q1.061 + https://doi.org/10.5281/zenodo.7254221
land_cover_id-3aa117d8-1,2021,Grasslands,Built-up,Cool Mixed Forest,QC-MAIN-3aa117d8,https://doi.org/10.5067/MODIS/MCD12Q1.061 + https://doi.org/10.5281/zenodo.7254221
land_cover_id-c1c7eb99-1,2021,Urban & Built-up,Built-up,Cool Mixed Forest,QC-MAIN-c1c7eb99,https://doi.org/10.5067/MODIS/MCD12Q1.061 + https://doi.org/10.5281/zenodo.7254221
land_cover_id-01c1e81f-1,2021,Croplands,Built-up,Cool Mixed Forest,QC-MAIN-01c1e81f,https://doi.org/10.5067/MODIS/MCD12Q1.061 + https://doi.org/10.5281/zenodo.7254221
land_cover_id-eb47f7c7-1,2021,Water,Built-up,Cool Evergreen Needleleaf Forest,BC-MAIN-eb47f7c7,https://doi.org/10.5067/MODIS/MCD12Q1.061 + https://doi.org/10.5281/zenodo.7254221
land_cover_id-c0e3a48b-1,2021,Woody Savannas,Built-up,Cool Mixed Forest,QC-MAIN-c0e3a48b,https://doi.org/10.5067/MODIS/MCD12Q1.061 + https://doi.org/10.5281/zenodo.7254221
land_cover_id-92628f16-1,2021,Urban & Built-up,Built-up,Cool Mixed Forest,QC-MAIN-92628f16,https://doi.org/10.5067/MODIS/MCD12Q1.061 + https://doi.org/10.5281/zenodo.7254221
land_cover_id-8d6616b4-1,2021,Urban & Built-up,Built-up,Cool Mixed Forest,QC-MAIN-8d6616b4,https://doi.org/10.5067/MODIS/MCD12Q1.061 + https://doi.org/10.5281/zenodo.7254221
land_cover_id-0ec39ce0-1,2021,Water,Bare/Sparse Vegetation,Cold Evergreen Needleleaf Forest,NT-MAIN-0ec39ce0,https://doi.org/10.5067/MODIS/MCD12Q1.061 + https://doi.org/10.5281/zenodo.7254221
land_cover_id-e82266c5-1,2021,Evergreen Needleleaf Forest,Permanent Water Bodies,Cold Evergreen Needleleaf Forest,QC-MAIN-e82266c5,https://doi.org/10.5067/MODIS/MCD12Q1.061 + https://doi.org/10.5281/zenodo.7254221
land_cover_id-11c40b1f-1,2021,Urban & Built-up,Built-up,Cool Mixed Forest,QC-MAIN-11c40b1f,https://doi.org/10.5067/MODIS/MCD12Q1.061 + https://doi.org/10.5281/zenodo.7254221
land_cover_id-3e146840-1,2021,Urban & Built-up,Built-up,Cool Mixed Forest,QC-MAIN-3e146840,https://doi.org/10.5067/MODIS/MCD12Q1.061 + https://doi.org/10.5281/zenodo.7254221
land_cover_id-7b3b4c8b-1,2021,Urban & Built-up,Built-up,Cool Mixed Forest,QC-MAIN-7b3b4c8b,https://doi.org/10.5067/MODIS/MCD12Q1.061 + https://doi.org/10.5281/zenodo.7254221
land_cover_id-eda110b0-1,2021,Mixed Forests,Tree Cover,Cool Mixed Forest,ON-MAIN-eda110b0,https://doi.org/10.5067/MODIS/MCD12Q1.061 + https://doi.org/10.5281/zenodo.7254221
land_cover_id-73ce66b5-1,2021,Open Shrublands,Grassland,Cold Evergreen Needleleaf Forest,YT-MAIN-73ce66b5,https://doi.org/10.5067/MODIS/MCD12Q1.061 + https://doi.org/10.5281/zenodo.7254221
land_cover_id-116ae608-1,2021,Evergreen Needleleaf Forest,Tree Cover,Cool Evergreen Needleleaf Forest,BC-MAIN-116ae608,https://doi.org/10.5067/MODIS/MCD12Q1.061 + https://doi.org/10.5281/zenodo.7254221
land_cover_id-dca9cce7-1,2021,Water,Built-up,,ON-MAIN-dca9cce7,https://doi.org/10.5067/MODIS/MCD12Q1.061 + https://doi.org/10.5281/zenodo.7254221
land_cover_id-d5c9124e-1,2021,Urban & Built-up,Built-up,Steppe,SK-MAIN-d5c9124e,https://doi.org/10.5067/MODIS/MCD12Q1.061 + https://doi.org/10.5281/zenodo.7254221
land_cover_id-c4fb59c2-1,2021,Woody Savannas,Tree Cover,Cold Evergreen Needleleaf Forest,QC-MAIN-c4fb59c2,https://doi.org/10.5067/MODIS/MCD12Q1.061 + https://doi.org/10.5281/zenodo.7254221
land_cover_id-1186a6d0-1,2021,Mixed Forests,Tree Cover,Cool Mixed Forest,QC-MAIN-1186a6d0,https://doi.org/10.5067/MODIS/MCD12Q1.061 + https://doi.org/10.5281/zenodo.7254221
land_cover_id-dc1a16f9-1,2021,Woody Savannas,Built-up,,QC-MAIN-dc1a16f9,https://doi.org/10.5067/MODIS/MCD12Q1.061 + https://doi.org/10.5281/zenodo.7254221
land_cover_id-b7591127-1,2021,Evergreen Needleleaf Forest,Tree Cover,Cold Evergreen Needleleaf Forest,BC-MAIN-b7591127,https://doi.org/10.5067/MODIS/MCD12Q1.061 + https://doi.org/10.5281/zenodo.7254221
land_cover_id-4959ea63-1,2021,Evergreen Needleleaf Forest,Tree Cover,Low and High Shrub Tundra,BC-MAIN-4959ea63,https://doi.org/10.5067/MODIS/MCD12Q1.061 + https://doi.org/10.5281/zenodo.7254221
land_cover_id-03a159d7-1,2021,Open Shrublands,Moss & Lichen,Low and High Shrub Tundra,YT-MAIN-03a159d7,https://doi.org/10.5067/MODIS/MCD12Q1.061 + https://doi.org/10.5281/zenodo.7254221
land_cover_id-d3a4aba9-1,2021,Urban & Built-up,Built-up,Cold Evergreen Needleleaf Forest,AB-MAIN-d3a4aba9,https://doi.org/10.5067/MODIS/MCD12Q1.061 + https://doi.org/10.5281/zenodo.7254221
land_cover_id-f4fc3276-1,2021,Woody Savannas,Tree Cover,Cool Mixed Forest,ON-MAIN-f4fc3276,https://doi.org/10.5067/MODIS/MCD12Q1.061 + https://doi.org/10.5281/zenodo.7254221
land_cover_id-915d9faa-1,2021,Woody Savannas,Grassland,Cool Mixed Forest,MB-MAIN-915d9faa,https://doi.org/10.5067/MODIS/MCD12Q1.061 + https://doi.org/10.5281/zenodo.7254221
land_cover_id-b1fe389a-1,2021,Evergreen Needleleaf Forest,Moss & Lichen,Low and High Shrub Tundra,BC-MAIN-b1fe389a,https://doi.org/10.5067/MODIS/MCD12Q1.061 + https://doi.org/10.5281/zenodo.7254221
land_cover_id-1d2f31f9-1,2021,Evergreen Needleleaf Forest,Tree Cover,Cold Evergreen Needleleaf Forest,QC-MAIN-1d2f31f9,https://doi.org/10.5067/MODIS/MCD12Q1.061 + https://doi.org/10.5281/zenodo.7254221
land_cover_id-bb23d8a6-1,2021,Woody Savannas,Tree Cover,Cool Mixed Forest,NL-MAIN-bb23d8a6,https://doi.org/10.5067/MODIS/MCD12Q1.061 + https://doi.org/10.5281/zenodo.7254221
land_cover_id-22ce14be-1,2021,Woody Savannas,Tree Cover,Cold Evergreen Needleleaf Forest,SK-MAIN-22ce14be,https://doi.org/10.5067/MODIS/MCD12Q1.061 + https://doi.org/10.5281/zenodo.7254221
land_cover_id-29afbdb5-1,2021,Woody Savannas,Built-up,,SK-MAIN-29afbdb5,https://doi.org/10.5067/MODIS/MCD12Q1.061 + https://doi.org/10.5281/zenodo.7254221
land_cover_id-c9c77a59-1,2021,Mixed Forests,Permanent Water Bodies,Cool Mixed Forest,NS-MAIN-c9c77a59,https://doi.org/10.5067/MODIS/MCD12Q1.061 + https://doi.org/10.5281/zenodo.7254221
land_cover_id-020a683c-1,2021,Water,Built-up,Cool Mixed Forest,ON-MAIN-020a683c,https://doi.org/10.5067/MODIS/MCD12Q1.061 + https://doi.org/10.5281/zenodo.7254221
land_cover_id-b2e5c9bb-1,2021,Urban & Built-up,Tree Cover,Cool Mixed Forest,ON-MAIN-b2e5c9bb,https://doi.org/10.5067/MODIS/MCD12Q1.061 + https://doi.org/10.5281/zenodo.7254221
land_cover_id-3032c251-1,2021,Savannas,Bare/Sparse Vegetation,Cold Evergreen Needleleaf Forest,QC-MAIN-3032c251,https://doi.org/10.5067/MODIS/MCD12Q1.061 + https://doi.org/10.5281/zenodo.7254221
land_cover_id-b5937543-1,2021,Woody Savannas,Tree Cover,Cold Evergreen Needleleaf Forest,QC-MAIN-b5937543,https://doi.org/10.5067/MODIS/MCD12Q1.061 + https://doi.org/10.5281/zenodo.7254221
land_cover_id-64595b02-1,2021,Mixed Forests,Bare/Sparse Vegetation,Cool Mixed Forest,QC-MAIN-64595b02,https://doi.org/10.5067/MODIS/MCD12Q1.061 + https://doi.org/10.5281/zenodo.7254221
land_cover_id-a505d25d-1,2021,Evergreen Needleleaf Forest,Tree Cover,Cold Evergreen Needleleaf Forest,BC-MAIN-a505d25d,https://doi.org/10.5067/MODIS/MCD12Q1.061 + https://doi.org/10.5281/zenodo.7254221
land_cover_id-c5d1b42d-1,2021,Grasslands,Bare/Sparse Vegetation,Cool Evergreen Needleleaf Forest,BC-MAIN-c5d1b42d,https://doi.org/10.5067/MODIS/MCD12Q1.061 + https://doi.org/10.5281/zenodo.7254221
land_cover_id-6a26086e-1,2021,Barren,Built-up,Cool Mixed Forest,QC-MAIN-6a26086e,https://doi.org/10.5067/MODIS/MCD12Q1.061 + https://doi.org/10.5281/zenodo.7254221
land_cover_id-b64bae7a-1,2021,Savannas,Built-up,Cold Evergreen Needleleaf Forest,NL-MAIN-b64bae7a,https://doi.org/10.5067/MODIS/MCD12Q1.061 + https://doi.org/10.5281/zenodo.7254221
land_cover_id-18695c6d-1,2021,Savannas,Permanent Water Bodies,Cold Evergreen Needleleaf Forest,NL-MAIN-18695c6d,https://doi.org/10.5067/MODIS/MCD12Q1.061 + https://doi.org/10.5281/zenodo.7254221
land_cover_id-1aa10efa-1,2021,Evergreen Needleleaf Forest,Tree Cover,Cool Mixed Forest,ON-MAIN-1aa10efa,https://doi.org/10.5067/MODIS/MCD12Q1.061 + https://doi.org/10.5281/zenodo.7254221
land_cover_id-23f67ea8-1,2021,Evergreen Needleleaf Forest,Tree Cover,Cold Evergreen Needleleaf Forest,BC-MAIN-23f67ea8,https://doi.org/10.5067/MODIS/MCD12Q1.061 + https://doi.org/10.5281/zenodo.7254221
land_cover_id-6b4800fe-1,2021,Grasslands,Bare/Sparse Vegetation,Cold Evergreen Needleleaf Forest,BC-MAIN-6b4800fe,https://doi.org/10.5067/MODIS/MCD12Q1.061 + https://doi.org/10.5281/zenodo.7254221
land_cover_id-18bed6d7-1,2021,Evergreen Needleleaf Forest,Tree Cover,Cold Evergreen Needleleaf Forest,BC-MAIN-18bed6d7,https://doi.org/10.5067/MODIS/MCD12Q1.061 + https://doi.org/10.5281/zenodo.7254221
land_cover_id-e09881ff-1,2021,Grasslands,Snow/Ice,Cold Evergreen Needleleaf Forest,NL-MAIN-e09881ff,https://doi.org/10.5067/MODIS/MCD12Q1.061 + https://doi.org/10.5281/zenodo.7254221
land_cover_id-b8c826a2-1,2021,Grasslands,Bare/Sparse Vegetation,Cold Evergreen Needleleaf Forest,QC-MAIN-b8c826a2,https://doi.org/10.5067/MODIS/MCD12Q1.061 + https://doi.org/10.5281/zenodo.7254221
land_cover_id-bf503b6b-1,2021,Barren,Bare/Sparse Vegetation,Cool Evergreen Needleleaf Forest,BC-MAIN-bf503b6b,https://doi.org/10.5067/MODIS/MCD12Q1.061 + https://doi.org/10.5281/zenodo.7254221
land_cover_id-193ddddb-1,2021,Grasslands,Tree Cover,Cold Evergreen Needleleaf Forest,BC-MAIN-193ddddb,https://doi.org/10.5067/MODIS/MCD12Q1.061 + https://doi.org/10.5281/zenodo.7254221
land_cover_id-3bb6b7cd-1,2021,Urban & Built-up,Built-up,Cool Evergreen Needleleaf Forest,BC-MAIN-3bb6b7cd,https://doi.org/10.5067/MODIS/MCD12Q1.061 + https://doi.org/10.5281/zenodo.7254221
land_cover_id-2587e541-1,2021,Open Shrublands,Moss & Lichen,Cold Evergreen Needleleaf Forest,QC-MAIN-2587e541,https://doi.org/10.5067/MODIS/MCD12Q1.061 + https://doi.org/10.5281/zenodo.7254221
land_cover_id-23155c25-1,2021,Grasslands,Tree Cover,Cool Evergreen Needleleaf Forest,BC-MAIN-23155c25,https://doi.org/10.5067/MODIS/MCD12Q1.061 + https://doi.org/10.5281/zenodo.7254221
land_cover_id-68c87980-1,2021,Woody Savannas,Tree Cover,Cold Evergreen Needleleaf Forest,YT-MAIN-68c87980,https://doi.org/10.5067/MODIS/MCD12Q1.061 + https://doi.org/10.5281/zenodo.7254221
land_cover_id-b2148882-1,2021,Grasslands,Grassland,Cold Evergreen Needleleaf Forest,QC-MAIN-b2148882,https://doi.org/10.5067/MODIS/MCD12Q1.061 + https://doi.org/10.5281/zenodo.7254221
land_cover_id-4a6187a4-1,2021,Urban & Built-up,Tree Cover,Cool Mixed Forest,ON-MAIN-4a6187a4,https://doi.org/10.5067/MODIS/MCD12Q1.061 + https://doi.org/10.5281/zenodo.7254221
land_cover_id-9dd2b7f8-1,2021,Woody Savannas,Shrubland,Cold Evergreen Needleleaf Forest,SK-MAIN-9dd2b7f8,https://doi.org/10.5067/MODIS/MCD12Q1.061 + https://doi.org/10.5281/zenodo.7254221
land_cover_id-387b06fe-1,2021,Urban & Built-up,Built-up,Cool Mixed Forest,ON-MAIN-387b06fe,https://doi.org/10.5067/MODIS/MCD12Q1.061 + https://doi.org/10.5281/zenodo.7254221
land_cover_id-de2f9639-1,2021,Urban & Built-up,Bare/Sparse Vegetation,Cool Mixed Forest,ON-MAIN-de2f9639,https://doi.org/10.5067/MODIS/MCD12Q1.061 + https://doi.org/10.5281/zenodo.7254221
land_cover_id-6e9b2449-1,2021,Woody Savannas,Built-up,Cool Mixed Forest,ON-MAIN-6e9b2449,https://doi.org/10.5067/MODIS/MCD12Q1.061 + https://doi.org/10.5281/zenodo.7254221
land_cover_id-f080c409-1,2021,Grasslands,Built-up,Cool Mixed Forest,ON-MAIN-f080c409,https://doi.org/10.5067/MODIS/MCD12Q1.061 + https://doi.org/10.5281/zenodo.7254221
land_cover_id-63b394c3-1,2021,Urban & Built-up,Built-up,Cool Mixed Forest,ON-MAIN-63b394c3,https://doi.org/10.5067/MODIS/MCD12Q1.061 + https://doi.org/10.5281/zenodo.7254221
land_cover_id-52224e1e-1,2021,Woody Savannas,Bare/Sparse Vegetation,Cool Mixed Forest,ON-MAIN-52224e1e,https://doi.org/10.5067/MODIS/MCD12Q1.061 + https://doi.org/10.5281/zenodo.7254221
land_cover_id-48fe2205-1,2021,Woody Savannas,Bare/Sparse Vegetation,Cool Mixed Forest,ON-MAIN-48fe2205,https://doi.org/10.5067/MODIS/MCD12Q1.061 + https://doi.org/10.5281/zenodo.7254221
land_cover_id-2e13aaa0-1,2021,Urban & Built-up,Built-up,Cool Mixed Forest,ON-MAIN-2e13aaa0,https://doi.org/10.5067/MODIS/MCD12Q1.061 + https://doi.org/10.5281/zenodo.7254221
land_cover_id-e0a6250e-1,2021,Barren,Moss & Lichen,Cold Evergreen Needleleaf Forest,MB-MAIN-e0a6250e,https://doi.org/10.5067/MODIS/MCD12Q1.061 + https://doi.org/10.5281/zenodo.7254221
land_cover_id-28f3f0fc-1,2021,Woody Savannas,Built-up,Cool Mixed Forest,ON-MAIN-28f3f0fc,https://doi.org/10.5067/MODIS/MCD12Q1.061 + https://doi.org/10.5281/zenodo.7254221
land_cover_id-d9036091-1,2021,Woody Savannas,Built-up,Cool Mixed Forest,NL-MAIN-d9036091,https://doi.org/10.5067/MODIS/MCD12Q1.061 + https://doi.org/10.5281/zenodo.7254221
land_cover_id-2d8801d6-1,2021,Savannas,Bare/Sparse Vegetation,Cold Evergreen Needleleaf Forest,NL-MAIN-2d8801d6,https://doi.org/10.5067/MODIS/MCD12Q1.061 + https://doi.org/10.5281/zenodo.7254221
land_cover_id-860bbbfc-1,2021,Woody Savannas,Tree Cover,Cold Evergreen Needleleaf Forest,QC-MAIN-860bbbfc,https://doi.org/10.5067/MODIS/MCD12Q1.061 + https://doi.org/10.5281/zenodo.7254221
land_cover_id-e05ed9fe-1,2021,Savannas,Permanent Water Bodies,Cold Evergreen Needleleaf Forest,YT-MAIN-e05ed9fe,https://doi.org/10.5067/MODIS/MCD12Q1.061 + https://doi.org/10.5281/zenodo.7254221
land_cover_id-d59f82aa-1,2021,Woody Savannas,Grassland,Cool Mixed Forest,QC-MAIN-d59f82aa,https://doi.org/10.5067/MODIS/MCD12Q1.061 + https://doi.org/10.5281/zenodo.7254221
land_cover_id-b1b28b01-1,2021,Savannas,Tree Cover,Cold Evergreen Needleleaf Forest,NT-MAIN-b1b28b01,https://doi.org/10.5067/MODIS/MCD12Q1.061 + https://doi.org/10.5281/zenodo.7254221
land_cover_id-63f096a6-1,2021,Evergreen Needleleaf Forest,Tree Cover,Cold Evergreen Needleleaf Forest,AB-MAIN-63f096a6,https://doi.org/10.5067/MODIS/MCD12Q1.061 + https://doi.org/10.5281/zenodo.7254221
land_cover_id-be473617-1,2021,Evergreen Needleleaf Forest,Tree Cover,Cold Evergreen Needleleaf Forest,QC-MAIN-be473617,https://doi.org/10.5067/MODIS/MCD12Q1.061 + https://doi.org/10.5281/zenodo.7254221
land_cover_id-3c468faa-1,2021,Mixed Forests,Tree Cover,Cool Mixed Forest,ON-MAIN-3c468faa,https://doi.org/10.5067/MODIS/MCD12Q1.061 + https://doi.org/10.5281/zenodo.7254221
land_cover_id-cb85213a-1,2021,Mixed Forests,Built-up,Cool Mixed Forest,ON-MAIN-cb85213a,https://doi.org/10.5067/MODIS/MCD12Q1.061 + https://doi.org/10.5281/zenodo.7254221
land_cover_id-9de9bb0d-1,2021,Water,Permanent Water Bodies,,QC-MAIN-9de9bb0d,https://doi.org/10.5067/MODIS/MCD12Q1.061 + https://doi.org/10.5281/zenodo.7254221
land_cover_id-c5fefb01-1,2021,Woody Savannas,Permanent Water Bodies,Cool Mixed Forest,ON-MAIN-c5fefb01,https://doi.org/10.5067/MODIS/MCD12Q1.061 + https://doi.org/10.5281/zenodo.7254221
land_cover_id-feb13c30-1,2021,Woody Savannas,Tree Cover,Cool Evergreen Needleleaf Forest,BC-MAIN-feb13c30,https://doi.org/10.5067/MODIS/MCD12Q1.061 + https://doi.org/10.5281/zenodo.7254221
land_cover_id-5e0d8b48-1,2021,Open Shrublands,Grassland,Cold Evergreen Needleleaf Forest,YT-MAIN-5e0d8b48,https://doi.org/10.5067/MODIS/MCD12Q1.061 + https://doi.org/10.5281/zenodo.7254221
land_cover_id-12c68d49-1,2021,Woody Savannas,Grassland,Cool Mixed Forest,ON-MAIN-12c68d49,https://doi.org/10.5067/MODIS/MCD12Q1.061 + https://doi.org/10.5281/zenodo.7254221
land_cover_id-891d3cb5-1,2021,Evergreen Needleleaf Forest,Tree Cover,Cold Evergreen Needleleaf Forest,BC-MAIN-891d3cb5,https://doi.org/10.5067/MODIS/MCD12Q1.061 + https://doi.org/10.5281/zenodo.7254221
