prod_id,year,geography,commodity,reference_point,material_type,data_type,unit,value,value_tonnes,comment,main_id,facility_group_id,company_id,source_id
PROD-3aa117d8-2023-1,2023,Canada,Aluminum,Intermediate metal produced,Smelter production,Capacity,t,473000.0,,,QC-MAIN-3aa117d8,GRP-677b5973,CMP-7a096012,SRC_RioTinto_the-industry
PROD-3aa117d8-2023-2,2023,Canada,Aluminum,Intermediate metal produced,Smelter production,Production,kt,484.0,484000.0,,QC-MAIN-3aa117d8,GRP-677b5973,CMP-7a096012,SRC_RioTinto_rt-fact-book-addendum
PROD-8d6616b4-2023-1,2023,Canada,Aluminum,Intermediate metal produced,Smelter production,Capacity,t,620000.0,,,QC-MAIN-8d6616b4,GRP-677b5973,CMP-7a096012,SRC_RioTinto_the-industry
PROD-8d6616b4-2023-2,2023,Canada,Aluminum,Intermediate metal produced,Smelter production,Production,kt,634.0,634000.0,,QC-MAIN-8d6616b4,GRP-677b5973,CMP-7a096012,SRC_RioTinto_rt-fact-book-addendum
PROD-4c35e094-2024-1,2024,Canada,Steel,Refined metal produced,Flat,Production,mt,3.1,3100000.0,"Integrated, mini-mill",ON-MAIN-4c35e094,,CMP-3775c12e,SRC_ArcelorMittal_Factbook_2024
PROD-c1c7eb99-2023-1,2023,Canada,Aluminum,Intermediate metal produced,Smelter production,Capacity,t,234000.0,,,QC-MAIN-c1c7eb99,GRP-677b5973,CMP-7a096012,SRC_RioTinto_rt-fact-book-addendum
PROD-c1c7eb99-2023-2,2023,Canada,Aluminum,Intermediate metal produced,Smelter production,Production,kt,172.039452,172039.45200000002,,QC-MAIN-c1c7eb99,GRP-677b5973,CMP-7a096012,SRC_RioTinto_rt-fact-book-addendum
PROD-52c01ae4-2023-1,2023,Canada,Aluminum,Intermediate metal produced,Capacity,Capacity,t,312000.0,,,QC-MAIN-52c01ae4,,CMP-140e111b,SRC_AlcoaCorporation_the-industry
PROD-c8966bdc-2023-1,2023,Canada,Aluminum,Intermediate metal produced,Capacity,Capacity,t,462000.0,,,QC-MAIN-c8966bdc,,CMP-dc21de8a,SRC_AlcoaCorporationandRioTintoAluminumInc._the-industry
PROD-089f3c60-2022-1,2022,Canada,Iron,Usable ore,Concentrate,Production,wmt,7900000.0,7900000.0,"Turned to million metric tons when compared to Jasansky et al (2023), although the report says 7.9 'wet metric tons'",QC-MAIN-089f3c60,,CMP-c08ac7d7,SRC_ChampionIronLtd_TR_Bloom_Lake_2023
PROD-089f3c60-2022-2,2022,Canada,Iron,Total extraction,Ore mined,Production,wmt,22300000.0,22300000.0,"Turned to million metric tons when compared to Jasansky et al (2023), although the report says 7.9 'wet metric tons'",QC-MAIN-089f3c60,,CMP-c08ac7d7,SRC_ChampionIronLtd_TR_Bloom_Lake_2023
PROD-089f3c60-2022-3,2022,Canada,Iron,Crude ore,Ore processed,Production,wmt,21000000.0,21000000.0,"Turned to million metric tons when compared to Jasansky et al (2023), although the report says 7.9 'wet metric tons'",QC-MAIN-089f3c60,,CMP-c08ac7d7,SRC_ChampionIronLtd_TR_Bloom_Lake_2023
PROD-857b7b89-2023-1,2023,Canada,Ore,Total extraction,Ore mined,Production,kt,167.0,167000.0,,BC-MAIN-857b7b89,,CMP-4a434d72,SRC_NewmontCorporation_Operating_statistics_2023
PROD-857b7b89-2023-2,2023,Canada,Ore,Crude ore,Ore processed,Production,kt,166.0,166000.0,,BC-MAIN-857b7b89,,CMP-4a434d72,SRC_NewmontCorporation_Operating_statistics_2023
PROD-857b7b89-2023-3,2023,Canada,Gold,Usable ore,Contained metal in concentrate,Production,koz,29.0,0.9020015,,BC-MAIN-857b7b89,,CMP-4a434d72,SRC_NewmontCorporation_Operating_statistics_2023
PROD-de3d8b7b-2023-1,2023,Canada,Lead,Refined metal produced,Refinery production,Production,kt,244.6,244600.0,,QC-MAIN-de3d8b7b,,CMP-d5f1c66b,SRC_Glencore_GLEN_2024-FY_ProductionReport_tables
PROD-de3d8b7b-2023-2,2023,Canada,Zinc,Refined metal produced,Refinery production,Production,kt,752.6,752600.0,,QC-MAIN-de3d8b7b,,CMP-d5f1c66b,SRC_Glencore_GLEN_2024-FY_ProductionReport_tables
PROD-e7e6a960-2023-1,2023,Canada,Ore,Crude ore,Ore processed,Production,t,19594928.0,19594928.0,,QC-MAIN-e7e6a960,,CMP-6265c407,SRC_AgnicoEagleMinesLimited_2023-Sustainability-Performance_data
PROD-e7e6a960-2023-2,2023,Canada,Gold,Usable ore,Contained metal in concentrate,Production,oz,684640.0,21.294700239999997,"""Production reflects Agnico Eagle's 50% interest up to March 30 2023 and 100% thereafter""",QC-MAIN-e7e6a960,,CMP-6265c407,SRC_AgnicoEagleMinesLimited_2023-Sustainability-Performance_data
PROD-e7e6a960-2023-3,2023,Canada,Silver,Usable ore,Contained metal in concentrate,Production,koz,310.0,9.642085,"""Production reflects Agnico Eagle's 50% interest up to March 30 2023 and 100% thereafter""",QC-MAIN-e7e6a960,,CMP-6265c407,SRC_AgnicoEagleMinesLimited_2023-Sustainability-Performance_data
PROD-dd723db4-2023-1,2023,Canada,Iron,Total extraction,Ore mined,Production,kt,17880.0,17880000.0,,NL-MAIN-dd723db4,,CMP-2da4630a,SRC_IronOreCompanyofCanada_IOC_Carol_Lake_Mine
PROD-dd723db4-2023-2,2023,Canada,Iron,Usable ore,Concentrate,Production,kt,13913.117546848382,13913117.546848381,Total production based on Rio Tinto's ownership share,NL-MAIN-dd723db4,,CMP-2da4630a,SRC_IronOreCompanyofCanada_rt-fact-book-addendum
PROD-b86f7d07-2023-1,2023,Canada,Gold,Usable ore,Intermediate metal,Production,koz,86.6,2.6935630999999995,,QC-MAIN-b86f7d07,,CMP-7e360a1f,SRC_HeclaMiningCompany_casa-berardi-quebec-canada
PROD-b86f7d07-2023-2,2023,Canada,Silver,Intermediate metal produced,Intermediate metal,Production,koz,24.2,0.7527047,,QC-MAIN-b86f7d07,,CMP-7e360a1f,SRC_HeclaMiningCompany_casa-berardi-quebec-canada
PROD-b86f7d07-2023-3,2023,Canada,Ore,Crude ore,Mill feed,Production,t,1361450.0,1361450.0,"""The Casa Berardi mill processes 3,730tpd, with future maximum production of 4,400tpd.""",QC-MAIN-b86f7d07,,CMP-7e360a1f,SRC_HeclaMiningCompany_TR_Casa_Berardi_2024
PROD-91cf5448-2023-1,2023,Canada,Uranium,Usable ore,Contained metal in concentrate,Production,mlbs,15.1,6849.2392,"On a 100% ownership basis, Assumed contained metal in concentrate as it is given in U3O8",SK-MAIN-91cf5448,,CMP-cadb529a,SRC_CamecoCorporation_AR_2023
PROD-91cf5448-2023-2,2023,Canada,Uranium,Crude ore,Ore processed,Production,mlbs,96.40129496944846,43726.85618778206,"Calculated based on a 15,87% ore grade and 98,7% recovery rate",SK-MAIN-91cf5448,,CMP-cadb529a,SRC_CamecoCorporation_cigar-lake
PROD-GRP-7a9ba115-2024-1,2024,Canada,Steel,Refined metal produced,"Long/wire rod, bars, slabs",Production,mt,1.9,1900000.0,Mini-mill,,GRP-7a9ba115,CMP-3775c12e,SRC_ArcelorMittal_Factbook_2024
PROD-599152a0-2023-1,2023,Canada,Copper,Usable ore,Concentrate,Production,t,82685.0,82685.0,"""As Copper Mountain was acquired on June 20, 2023, the results for the year ended December 31, 2023 represents the period from the acquisition date, June 20, 2023, through to the end of the fourth quarter of 2023""",BC-MAIN-599152a0,,CMP-12afc634,SRC_HudbayMineralsInc_MDA25
PROD-599152a0-2023-2,2023,Canada,Copper,Usable ore,Contained metal in concentrate,Production,t,19050.0,19050.0,"""As Copper Mountain was acquired on June 20, 2023, the results for the year ended December 31, 2023 represents the period from the acquisition date, June 20, 2023, through to the end of the fourth quarter of 2023""",BC-MAIN-599152a0,,CMP-12afc634,SRC_HudbayMineralsInc_MDA25
PROD-599152a0-2023-3,2023,Canada,Gold,Usable ore,Contained metal in concentrate,Production,oz,8848.0,0.27520376799999996,"""As Copper Mountain was acquired on June 20, 2023, the results for the year ended December 31, 2023 represents the period from the acquisition date, June 20, 2023, through to the end of the fourth quarter of 2023""",BC-MAIN-599152a0,,CMP-12afc634,SRC_HudbayMineralsInc_MDA25
PROD-599152a0-2023-4,2023,Canada,Ore,Crude ore,Ore milled,Production,t,6862152.0,6862152.0,"""As Copper Mountain was acquired on June 20, 2023, the results for the year ended December 31, 2023 represents the period from the acquisition date, June 20, 2023, through to the end of the fourth quarter of 2023""",BC-MAIN-599152a0,,CMP-12afc634,SRC_HudbayMineralsInc_MDA25
PROD-599152a0-2023-5,2023,Canada,Ore,Total extraction,Ore mined,Production,t,6975389.0,6975389.0,"""As Copper Mountain was acquired on June 20, 2023, the results for the year ended December 31, 2023 represents the period from the acquisition date, June 20, 2023, through to the end of the fourth quarter of 2023""",BC-MAIN-599152a0,,CMP-12afc634,SRC_HudbayMineralsInc_MDA25
PROD-599152a0-2023-6,2023,Canada,Silver,Usable ore,Contained metal in concentrate,Production,oz,218282.0,6.789334187,"""As Copper Mountain was acquired on June 20, 2023, the results for the year ended December 31, 2023 represents the period from the acquisition date, June 20, 2023, through to the end of the fourth quarter of 2023""",BC-MAIN-599152a0,,CMP-12afc634,SRC_HudbayMineralsInc_MDA25
PROD-eac5a52b-2023-1,2023,Canada,Aluminum,Intermediate metal produced,Capacity,Capacity,t,287000.0,,,QC-MAIN-eac5a52b,,CMP-140e111b,SRC_AlcoaCorporation_the-industry
PROD-aeafbb59-2023-1,2023,Canada,Gold,Crude ore,Ore processed,Production,t,25434853.5024164,25434853.5024164,,ON-MAIN-aeafbb59,,CMP-6265c407,SRC_AgnicoEagleMinesLimited_2023-Sustainability-Performance_data
PROD-aeafbb59-2023-2,2023,Canada,Gold,Usable ore,Contained metal in concentrate,Production,oz,677446.0,21.070941661,,ON-MAIN-aeafbb59,,CMP-6265c407,SRC_AgnicoEagleMinesLimited_2023-Sustainability-Performance_data
PROD-aeafbb59-2023-3,2023,Canada,Silver,Usable ore,Contained metal in concentrate,Production,koz,79.0,2.4571765,,ON-MAIN-aeafbb59,,CMP-6265c407,SRC_AgnicoEagleMinesLimited_2023-Sustainability-Performance_data
PROD-0ec39ce0-2023-1,2023,Canada,Diamonds,Usable ore,Diamond recovered,Production,kct,3339.76203,0.667952406,,NT-MAIN-0ec39ce0,,CMP-7a096012,SRC_RioTinto_2024-4qor-xlsx
PROD-0ec39ce0-2023-2,2023,Canada,Diamonds,Crude ore,Ore processed,Production,kct,1687.71,0.337542,,NT-MAIN-0ec39ce0,,CMP-7a096012,SRC_RioTinto_2024-4qor-xlsx
PROD-GRP-2a663492-2023-1,2023,Canada,Iron,Total extraction,Ore mined,Capacity,mt,4.2,,,,GRP-2a663492,CMP-31bb0d19,SRC_TataSteelMineralsCanadaLimited_Mining-in-NL-Fall-2024
PROD-cb85213a-2023-1,2023,Canada,Gold,Usable ore,Contained metal in concentrate,Production,oz,87467.0,2.7205298344999997,Gold production',ON-MAIN-cb85213a,,CMP-3d2c4955,SRC_WesdomeGoldMinesLtd_2024-MDA-FINAL
PROD-cb85213a-2023-2,2023,Canada,Gold,Crude ore,Ore milled,Production,t,222627.0,222627.0,,ON-MAIN-cb85213a,,CMP-3d2c4955,SRC_WesdomeGoldMinesLtd_2024-MDA-FINAL
PROD-6c1d6ee6-2023-1,2023,Canada,Diamonds,Usable ore,Carats recovered,Production,mcts,5.1,1.02,,NT-MAIN-6c1d6ee6,,CMP-caa580a0,SRC_BurgundyDiamondMines_Quarterly-Activities-Report-for-the-Period-ended-September-30th-2027
PROD-6c1d6ee6-2023-2,2023,Canada,Diamonds,Crude ore,Ore processed,Production,mdmt,4.2,4200000.0,,NT-MAIN-6c1d6ee6,,CMP-caa580a0,SRC_BurgundyDiamondMines_Quarterly-Activities-Report-for-the-Period-ended-September-30th-2026
PROD-6c1d6ee6-2023-3,2023,Canada,Diamonds,Total extraction,Ore mined,Production,mwmt,4.6,4600000.0,,NT-MAIN-6c1d6ee6,,CMP-caa580a0,SRC_BurgundyDiamondMines_Quarterly-Activities-Report-for-the-Period-ended-September-30th-2025
PROD-6dc537e6-2023-1,2023,Canada,Gold,Usable ore,Contained metal in concentrate,Production,koz,232.0,7.216012,,QC-MAIN-6dc537e6,,CMP-4a434d72,SRC_NewmontCorporation_Operating_statistics_2023
PROD-6dc537e6-2023-2,2023,Canada,Gold,Total extraction,Ore mined,Production,kt,1656.0,1656000.0,,QC-MAIN-6dc537e6,,CMP-4a434d72,SRC_NewmontCorporation_Operating_statistics_2023
PROD-6dc537e6-2023-3,2023,Canada,Gold,Crude ore,Ore processed,Production,kt,1661.0,1661000.0,,QC-MAIN-6dc537e6,,CMP-4a434d72,SRC_NewmontCorporation_Operating_statistics_2023
PROD-4724f4ba-2024-1,2024,Canada,Gold,Total extraction,Ore mined,Production,t,34017.0,34017.0,,BC-MAIN-4724f4ba,,CMP-d726df1c,SRC_GoldMountainMiningCorp_gold-mountain-reports-its-interim-q4-2025-financial-and-operating-results-1001121?utm_source=chatgpt
PROD-4724f4ba-2024-2,2024,Canada,Gold,Crude ore,Ore delivered,Production,t,33245.0,33245.0,,BC-MAIN-4724f4ba,,CMP-d726df1c,SRC_GoldMountainMiningCorp_gold-mountain-reports-its-interim-q4-2025-financial-and-operating-results-1001121?utm_source=chatgpt
PROD-4724f4ba-2024-3,2024,Canada,Gold,Usable ore,Contained metal in concentrate,Production,oz,3916.0,0.121801306,Gold ounces sold',BC-MAIN-4724f4ba,,CMP-d726df1c,SRC_GoldMountainMiningCorp_gold-mountain-reports-its-interim-q4-2025-financial-and-operating-results-1001121?utm_source=chatgpt
PROD-26b9aaf3-2021-1,2021,Canada,Steel,Intermediate metal produced,EAF production,Production,kt,828.0,828000.0,,SK-MAIN-26b9aaf3,,CMP-28720916,SRC_EVRAZNorthAmericaInc_Evraz_Regina_Steel_plant
PROD-26b9aaf3-2021-2,2021,Canada,Steel,Intermediate metal produced,Nominal crude steel capacity,Capacity,ttpa,1200.0,,,SK-MAIN-26b9aaf3,,CMP-28720916,SRC_EVRAZNorthAmericaInc_Evraz_Regina_Steel_plant
PROD-33c09b8b-2023-1,2023,Canada,Iron,Total extraction,Iron ore,Production,kt,5901.0,5901000.0,Given in ttpa (total ton per annum),QC-MAIN-33c09b8b,GRP-1402249f,CMP-3775c12e,SRC_ArcelorMittal_ArcelorMittal_Fire_Lake_Mine
PROD-4e0734b5-2023-1,2023,Canada,Gold,Total extraction,Ore mined,Production,t,96.0,96.0,,ON-MAIN-4e0734b5,,CMP-3ff42329,SRC_McEwenMiningInc_SEC_2024
PROD-4e0734b5-2023-2,2023,Canada,Gold,Crude ore,Ore processed,Production,t,120.0,120.0,,ON-MAIN-4e0734b5,,CMP-3ff42329,SRC_McEwenMiningInc_SEC_2024
PROD-4e0734b5-2023-3,2023,Canada,GEOs,Intermediate metal produced,Intermediate metal,Production,oz,10.2,0.0003172557,,ON-MAIN-4e0734b5,,CMP-3ff42329,SRC_McEwenMiningInc_SEC_2024
PROD-4e0734b5-2023-4,2023,Canada,Gold,Usable ore,Intermediate metal,Production,oz,10.2,0.0003172557,,ON-MAIN-4e0734b5,,CMP-3ff42329,SRC_McEwenMiningInc_SEC_2024
PROD-4e0734b5-2023-5,2023,Canada,Silver,Intermediate metal produced,Intermediate metal,Production,oz,1.4,4.35449e-05,,ON-MAIN-4e0734b5,,CMP-3ff42329,SRC_McEwenMiningInc_SEC_2024
PROD-206041d1-2024-1,2024,Canada,Ore,Total extraction,Ore mined,Production,t,553033.0,553033.0,,ON-MAIN-206041d1,GRP-de097f20,CMP-d5f1c66b,SRC_Glencore_at-a-glance
PROD-6b4800fe-2023-1,2023,Canada,Ore,Total extraction,Ore mined,Production,mt,88.1,88100000.0,,BC-MAIN-6b4800fe,,CMP-e35f138c,SRC_TasekoMinesLimited_taseko-reports-strong-fourth-quarter-financial-performance-and-190-million-of-adjusted-ebitda-for-2023
PROD-6b4800fe-2023-2,2023,Canada,Ore,Crude ore,Ore milled,Production,mt,30.0,30000000.0,,BC-MAIN-6b4800fe,,CMP-e35f138c,SRC_TasekoMinesLimited_taseko-reports-strong-fourth-quarter-financial-performance-and-190-million-of-adjusted-ebitda-for-2023
PROD-6b4800fe-2023-3,2023,Canada,Copper,Usable ore,Contained metal in concentrate,Production,mlbs,122.6,55610.379199999996,Given in Mlbs Cu so assumed metal in concentrate,BC-MAIN-6b4800fe,,CMP-e35f138c,SRC_TasekoMinesLimited_taseko-reports-strong-fourth-quarter-financial-performance-and-190-million-of-adjusted-ebitda-for-2023
PROD-6b4800fe-2023-4,2023,Canada,Molybdenum,Usable ore,Contained metal in concentrate,Production,klbs,1202.0,545.217584,Given in klbs Mo so assumed metal in concentrate,BC-MAIN-6b4800fe,,CMP-e35f138c,SRC_TasekoMinesLimited_taseko-reports-strong-fourth-quarter-financial-performance-and-190-million-of-adjusted-ebitda-for-2023
PROD-c0660aec-2023-1,2023,Canada,Ore,Crude ore,Ore processed,Production,t,2886927.3287239997,2886927.3287239997,,QC-MAIN-c0660aec,,CMP-6265c407,SRC_AgnicoEagleMinesLimited_2023-Sustainability-Performance_data
PROD-c0660aec-2023-2,2023,Canada,Gold,Usable ore,Contained metal in concentrate,Production,oz,140982.567105,4.385051275950367,,QC-MAIN-c0660aec,,CMP-6265c407,SRC_AgnicoEagleMinesLimited_2023-Sustainability-Performance_data
PROD-c0660aec-2023-3,2023,Canada,Silver,Usable ore,Contained metal in concentrate,Production,koz,2.0,0.062207,,QC-MAIN-c0660aec,,CMP-6265c407,SRC_AgnicoEagleMinesLimited_2023-Sustainability-Performance_data
PROD-c0660aec-2023-4,2023,Canada,Zinc,Usable ore,Concentrate,Production,t,39.036758,39.036758,,QC-MAIN-c0660aec,,CMP-6265c407,SRC_AgnicoEagleMinesLimited_2023-Sustainability-Performance_data
PROD-01c1e81f-2023-1,2023,Canada,Aluminum,Intermediate metal produced,Smelter production,Capacity,t,233000.0,,,QC-MAIN-01c1e81f,GRP-677b5973,CMP-7a096012,SRC_RioTinto_the-industry
PROD-01c1e81f-2023-2,2023,Canada,Aluminum,Intermediate metal produced,Smelter production,Production,kt,229.0,229000.0,,QC-MAIN-01c1e81f,GRP-677b5973,CMP-7a096012,SRC_RioTinto_rt-fact-book-addendum
PROD-6e9be24e-2023-1,2023,Canada,Gold,Crude ore,Ore processed,Production,t,1266009.0,1266009.0,Not sure of the unit,ON-MAIN-6e9be24e,,CMP-79bcdb91,SRC_BarrickGoldCorporation_Barrick_2023_Performance-Data
PROD-6e9be24e-2023-2,2023,Canada,Gold,Usable ore,Contained metal in concentrate ,Production,oz,141045.0,4.3869931575,,ON-MAIN-6e9be24e,,CMP-79bcdb91,SRC_BarrickGoldCorporation_Barrick_2023_Performance-Data
PROD-bf503b6b-2024-1,2024,Canada,Copper,Usable ore,Contained metal in concentrate,Production,kt,102.4,102400.0,,BC-MAIN-bf503b6b,,CMP-06e20c6e,SRC_TeckResourcesLimited_2024_Annual_report
PROD-bf503b6b-2024-2,2024,Canada,Molybdenum,Usable ore,Contained metal in concentrate,Production,kt,0.9,900.0,,BC-MAIN-bf503b6b,,CMP-06e20c6e,SRC_TeckResourcesLimited_2024_Annual_report
PROD-bf503b6b-2024-3,2024,Canada,Ore,Crude ore,Ore processed,Production,kt,17408.0,17408000.0,"Assumed 0,34% ore grade and 85% recovery rate, taking copper as the reference",BC-MAIN-bf503b6b,,CMP-06e20c6e,SRC_TeckResourcesLimited_summary
PROD-687b8c8d-2023-1,2023,Canada,Gold,Usable ore,Contained metal in concentrate,Production,oz,131400.0,4.0869998999999995,,ON-MAIN-687b8c8d,,CMP-3a4ccc7f,SRC_AlamosGoldInc_Data_2023
PROD-687b8c8d-2023-2,2023,Canada,Gold,Total extraction,Ore mined,Production,t,437541.0,437541.0,,ON-MAIN-687b8c8d,,CMP-3a4ccc7f,SRC_AlamosGoldInc_Data_2023
PROD-687b8c8d-2023-3,2023,Canada,Gold,Crude ore,Ore processed,Production,t,439008.0,439008.0,,ON-MAIN-687b8c8d,,CMP-3a4ccc7f,SRC_AlamosGoldInc_Data_2023
PROD-fc6f1a44-2023-1,2023,Canada,Steel,Intermediate metal produced,Nominal crude steel capacity,Capacity,ttpa,650.0,,,ON-MAIN-fc6f1a44,,CMP-a27e87a3,"SRC_HeicoCompanies,LLC_Ivaco_Rolling_Mills_steel_plant"
PROD-44857446-2023-1,2023,Canada,Lead,Usable ore,Contained metal in concentrate,Production,t,1225.0,1225.0,Ambigous production type,YT-MAIN-44857446,,CMP-7e360a1f,SRC_HeclaMiningCompany_hecla-keno-hill-yukon-territory-canada
PROD-44857446-2023-2,2023,Canada,Silver,Usable ore,Contained metal in concentrate,Production,oz,1502577.0,46.7354037195,Ambigous production type,YT-MAIN-44857446,,CMP-7e360a1f,SRC_HeclaMiningCompany_hecla-keno-hill-yukon-territory-canada
PROD-44857446-2023-3,2023,Canada,Zinc,Usable ore,Contained metal in concentrate,Production,t,1339.0,1339.0,Ambigous production type,YT-MAIN-44857446,,CMP-7e360a1f,SRC_HeclaMiningCompany_hecla-keno-hill-yukon-territory-canada
PROD-44857446-2024-1,2024,Canada,Ore,Crude ore,Mill feed,Production,t,127307.0,127307.0,,YT-MAIN-44857446,,CMP-7e360a1f,SRC_HeclaMiningCompany_TR_Keno_Hill_2024
PROD-GRP-21eee27d-2023-1,2023,Canada,Uranium,Usable ore,Contained metal in concentrate,Production,mlbs,13.5,6123.492,"On a 100% ownership basis, Assumed contained metal in concentrate as it is given in U3O8",,GRP-21eee27d,CMP-cadb529a,SRC_CamecoCorporation_AR_2023
PROD-GRP-21eee27d-2023-2,2023,Canada,Uranium,Crude ore,Ore processed,Production,mlbs,216.95460024106066,98408.87103254319,"Calculated based on a 6,55% ore grade and 95% recovery rate",,GRP-21eee27d,CMP-cadb529a,SRC_CamecoCorporation_mcarthur-river-key-lake
PROD-f8313ebd-2023-1,2023,Canada,Zinc,Usable ore,Contained metal in concentrate,Production,kt,38.6,38600.0,,ON-MAIN-f8313ebd,,CMP-d5f1c66b,SRC_Glencore_GLEN_2024_FY_ProductionReport
PROD-f8313ebd-2023-2,2023,Canada,Copper,Usable ore,Contained metal in concentrate,Production,kt,22.6,22600.0,,ON-MAIN-f8313ebd,,CMP-d5f1c66b,SRC_Glencore_GLEN_2024_FY_ProductionReport
PROD-f8313ebd-2023-3,2023,Canada,Silver,Usable ore,Contained metal in concentrate,Production,koz,1378.0,42.860623,,ON-MAIN-f8313ebd,,CMP-d5f1c66b,SRC_Glencore_GLEN_2024_FY_ProductionReport
PROD-f8313ebd-2023-4,2023,Canada,Ore,Crude ore,Ore processed,Production,kt,1885.6904463913227,1885690.4463913227,"Calculated based on a 1,41% ore grade and 85% recovery rate for copper, which has the highest ore processed estimate",ON-MAIN-f8313ebd,,CMP-d5f1c66b,SRC_Glencore_nan
PROD-9de9bb0d-2023-1,2023,Canada,Gold,Usable ore,Contained metal in concentrate,Production,oz,35537.0,1.1053250795,Gold production',QC-MAIN-9de9bb0d,,CMP-3d2c4955,SRC_WesdomeGoldMinesLtd_2024-MDA-FINAL
PROD-9de9bb0d-2023-2,2023,Canada,Gold,Crude ore,Ore milled,Production,t,191148.0,191148.0,,QC-MAIN-9de9bb0d,,CMP-3d2c4955,SRC_WesdomeGoldMinesLtd_2024-MDA-FINAL
PROD-eb47f7c7-2023-1,2023,Canada,Aluminum,Intermediate metal produced,Smelter production,Capacity,t,432000.0,,,BC-MAIN-eb47f7c7,,CMP-7a096012,SRC_RioTinto_the-industry
PROD-eb47f7c7-2023-2,2023,Canada,Aluminum,Intermediate metal produced,Smelter production,Production,kt,377.272078,377272.07800000004,,BC-MAIN-eb47f7c7,,CMP-7a096012,SRC_RioTinto_rt-fact-book-addendum
PROD-a3c56a83-2023-1,2023,Canada,Ore,Crude ore,Ore milled,Production,kt,10248.0,10248000.0,,ON-MAIN-a3c56a83,,CMP-967076a1,SRC_ImpalaCanadaLtd_FY2024
PROD-a3c56a83-2023-2,2023,Canada,PGM,Intermediate metal produced,Intermediate metal,Production,koz,1232.0,38.319511999999996,,ON-MAIN-a3c56a83,,CMP-967076a1,SRC_ImpalaCanadaLtd_FY2024
PROD-be5b3dc8-2023-1,2023,Canada,Ore,Total extraction,Ore mined,Production,t,1526729.0,1526729.0,,MB-MAIN-be5b3dc8,GRP-a13779f8,CMP-12afc634,SRC_HudbayMineralsInc_MDA25
PROD-f9e41c2a-2023-1,2023,Canada,Gold,Usable ore,Contained metal in concentrate,Production,oz,177069.0,5.5074656415,,QC-MAIN-f9e41c2a,,CMP-64d60fd7,SRC_EldoradoGold_Data
PROD-f9e41c2a-2023-2,2023,Canada,Gold,Crude ore,Ore milled,Production,t,838419.0,838419.0,,QC-MAIN-f9e41c2a,,CMP-64d60fd7,SRC_EldoradoGold_Data
PROD-e51eda66-2023-1,2023,Canada,Copper,Usable ore,Contained metal in concentrate,Production,t,7702.438517,7702.438517,Assumed metal in concentrate,QC-MAIN-e51eda66,,CMP-6265c407,SRC_AgnicoEagleMinesLimited_2023-Sustainability-Performance_data
PROD-e51eda66-2023-2,2023,Canada,Gold,Usable ore,Contained metal in concentrate,Production,oz,306648.486458,9.537841198546403,,QC-MAIN-e51eda66,,CMP-6265c407,SRC_AgnicoEagleMinesLimited_2023-Sustainability-Performance_data
PROD-e51eda66-2023-3,2023,Canada,Ore,Crude ore,Ore processed,Production,t,2658395.96049,2658395.96049,,QC-MAIN-e51eda66,,CMP-6265c407,SRC_AgnicoEagleMinesLimited_2023-Sustainability-Performance_data
PROD-e51eda66-2023-4,2023,Canada,Silver,Usable ore,Contained metal in concentrate,Production,koz,588.0,18.288858,,QC-MAIN-e51eda66,,CMP-6265c407,SRC_AgnicoEagleMinesLimited_2023-Sustainability-Performance_data
PROD-e51eda66-2023-5,2023,Canada,Zinc,Usable ore,Concentrate,Production,t,2577.9603749999997,2577.9603749999997,,QC-MAIN-e51eda66,,CMP-6265c407,SRC_AgnicoEagleMinesLimited_2023-Sustainability-Performance_data
PROD-c0e3a48b-2023-1,2023,Canada,Aluminum,Intermediate metal produced,Smelter production,Capacity,t,257000.0,,,QC-MAIN-c0e3a48b,GRP-677b5973,CMP-7a096012,SRC_RioTinto_the-industry
PROD-c0e3a48b-2023-2,2023,Canada,Aluminum,Intermediate metal produced,Smelter production,Production,kt,243.851812,243851.812,,QC-MAIN-c0e3a48b,GRP-677b5973,CMP-7a096012,SRC_RioTinto_rt-fact-book-addendum
PROD-1f126a43-2023-1,2023,Canada,Ore,Crude ore,Ore processed,Production,t,441588.0,441588.0,,ON-MAIN-1f126a43,,CMP-6265c407,SRC_AgnicoEagleMinesLimited_2023-Sustainability-Performance_data
PROD-1f126a43-2023-2,2023,Canada,Gold,Usable ore,Contained metal in concentrate,Production,oz,228535.0,7.1082383725,,ON-MAIN-1f126a43,,CMP-6265c407,SRC_AgnicoEagleMinesLimited_2023-Sustainability-Performance_data
PROD-8825d90d-2024-1,2024,Canada,Gold,Usable ore,Contained metal in concentrate,Production,oz,33000.0,1.0264155,Data from Alamos Gold,ON-MAIN-8825d90d,,CMP-a6812c47,SRC_ArgonautGoldInc_Data_2023
PROD-8825d90d-2024-2,2024,Canada,Gold,Total extraction,Ore mined,Production,t,1838496.0,1838496.0,Data from Alamos Gold,ON-MAIN-8825d90d,,CMP-a6812c47,SRC_ArgonautGoldInc_Data_2023
PROD-8825d90d-2024-3,2024,Canada,Gold,Crude ore,Ore processed,Production,t,1165551.0,1165551.0,Data from Alamos Gold,ON-MAIN-8825d90d,,CMP-a6812c47,SRC_ArgonautGoldInc_Data_2023
PROD-5154702a-2023-1,2023,Canada,Iron,Crude ore,Ore processed,Production,kt,5600.0,5600000.0,"Given in ttpa (total ton per annum). Assumed ore processed as it does not require concentration (DSO), 'What makes Baffinland's operations different than many other mines is that we crush and screen the ore on site, and then ship it directly to markets – no concentrating or processing is needed, and therefore no tailings are produced.'",NU-MAIN-5154702a,,CMP-84fc7d46,SRC_BaffinlandIronMinesCorporation_Baffinland_Mary_River_Mine
PROD-60ba74c4-2022-1,2022,Canada,Uranium,Usable ore,Contained metal in concentrate,Production,mlbs,18.0,8164.656,Process the high-grade uranium ore which is supplied by the Cigar Lake mine,SK-MAIN-60ba74c4,,CMP-43299e17,SRC_OranoCanadaInc_mining-and-milling
PROD-60ba74c4-2022-2,2022,Canada,Uranium,Usable ore,Contained metal in concentrate,Capacity,mlbs,24.0,,Process the high-grade uranium ore which is supplied by the Cigar Lake mine,SK-MAIN-60ba74c4,,CMP-43299e17,SRC_OranoCanadaInc_mining-and-milling
PROD-7001a391-2023-1,2023,Canada,Ore,Total extraction,Ore mined,Production,t,317660.0,317660.0,Ore from McCreedy West is processed by Vale at the local Clarabelle Mill under an offtake agreement. ,ON-MAIN-7001a391,,CMP-5f083f16,SRC_KGHMPolskaMiedźS.A._mccreedy-west-project
PROD-GRP-0a2c0d69-2023-1,2023,Canada,Gold,Crude ore,Ore processed,Production,t,3842649.005728,3842649.005728,,,GRP-0a2c0d69,CMP-6265c407,SRC_AgnicoEagleMinesLimited_2023-Sustainability-Performance_data
PROD-GRP-0a2c0d69-2023-2,2023,Canada,Gold,Usable ore,Contained metal in concentrate,Production,oz,431665.6270210001,13.426311830047675,,,GRP-0a2c0d69,CMP-6265c407,SRC_AgnicoEagleMinesLimited_2023-Sustainability-Performance_data
PROD-GRP-0a2c0d69-2023-3,2023,Canada,Silver,Usable ore,Contained metal in concentrate,Production,koz,125.0,3.8879375,,,GRP-0a2c0d69,CMP-6265c407,SRC_AgnicoEagleMinesLimited_2023-Sustainability-Performance_data
PROD-8b0264c9-2023-1,2023,Canada,Gold,Crude ore,Ore processed,Production,t,1918143.0,1918143.0,,NU-MAIN-8b0264c9,,CMP-6265c407,SRC_AgnicoEagleMinesLimited_2023-Sustainability-Performance_data
PROD-8b0264c9-2023-2,2023,Canada,Gold,Usable ore,Contained metal in concentrate,Production,oz,364141.0,11.326059593499998,,NU-MAIN-8b0264c9,,CMP-6265c407,SRC_AgnicoEagleMinesLimited_2023-Sustainability-Performance_data
PROD-8b0264c9-2023-3,2023,Canada,Silver,Usable ore,Contained metal in concentrate,Production,koz,27.0,0.8397945,,NU-MAIN-8b0264c9,,CMP-6265c407,SRC_AgnicoEagleMinesLimited_2023-Sustainability-Performance_data
PROD-084bd95c-2023-1,2023,Canada,Iron,Total extraction,Ore mined,Production,kt,16499.0,16499000.0,,QC-MAIN-084bd95c,GRP-1402249f,CMP-3775c12e,SRC_ArcelorMittal_ArcelorMittal_Mont_Wright_Mine
PROD-ed23117f-2023-1,2023,Canada,Concentrate,Usable ore,Concentrate,Production,dmt,142285.0,142285.0,"No commodity is given, probably a concentrate mix?",BC-MAIN-ed23117f,,CMP-fa032e20,SRC_CenterraGoldInc_Data
PROD-ed23117f-2023-2,2023,Canada,Copper,Usable ore,Concentrate,Production,klbs,61862.0,28060.108304,Assumed concentrate as it is not a refinery/smelter,BC-MAIN-ed23117f,,CMP-fa032e20,SRC_CenterraGoldInc_Data
PROD-ed23117f-2023-3,2023,Canada,Gold,Usable ore,Contained metal in concentrate,Production,oz,154391.0,4.8021004685,,BC-MAIN-ed23117f,,CMP-fa032e20,SRC_CenterraGoldInc_Data
PROD-ed23117f-2023-4,2023,Canada,Ore,Total extraction,Ore mined,Production,kt,21278.0,21278000.0,,BC-MAIN-ed23117f,,CMP-fa032e20,SRC_CenterraGoldInc_Data
PROD-ed23117f-2023-5,2023,Canada,Ore,Crude ore,Ore processed,Production,kt,21680.0,21680000.0,,BC-MAIN-ed23117f,,CMP-fa032e20,SRC_CenterraGoldInc_Data
PROD-ed23117f-2023-6,2023,Canada,Ore,Total extraction,Tonnes mined,Production,kt,50015.0,50015000.0,,BC-MAIN-ed23117f,,CMP-fa032e20,SRC_CenterraGoldInc_Data
PROD-3f490561-2023-1,2023,Canada,Copper,Usable ore,Concentrate,Production,klbs,30145.0,13673.53084,Assumed concentrate as it is not a refinery/smelter,BC-MAIN-3f490561,,CMP-0dfcd91e,SRC_ImperialMetalsCorporation_2024-Q4-MDA
PROD-3f490561-2023-2,2023,Canada,Gold,Usable ore,Contained metal in concentrate,Production,oz,41834.0,1.301183819,,BC-MAIN-3f490561,,CMP-0dfcd91e,SRC_ImperialMetalsCorporation_2024-Q4-MDA
PROD-3f490561-2023-3,2023,Canada,Ore,Crude ore,Ore milled,Production,t,5948239.0,5948239.0,,BC-MAIN-3f490561,,CMP-0dfcd91e,SRC_ImperialMetalsCorporation_2024-Q4-MDA
PROD-8eb8be0d-2023-1,2023,Canada,Ore,Total extraction,Ore mined,Production,kt,1027.0,1027000.0,,BC-MAIN-8eb8be0d,,CMP-4a434d72,SRC_NewmontCorporation_Operating_statistics_2023
PROD-fefeaee4-2023-1,2023,Canada,Ore,Crude ore,Ore processed,Production,kt,1028.0,1028000.0,,ON-MAIN-fefeaee4,,CMP-4a434d72,SRC_NewmontCorporation_Operating_statistics_2023
PROD-fefeaee4-2023-2,2023,Canada,Gold,Usable ore,Contained metal in concentrate,Production,koz,180.0,5.59863,,ON-MAIN-fefeaee4,,CMP-4a434d72,SRC_NewmontCorporation_Operating_statistics_2023
PROD-aa76f6f2-2023-1,2023,Canada,Copper,Usable ore,Concentrate,Production,mlbs,47.4,21500.2608,Assumed concentrate as it is not a refinery/smelter,BC-MAIN-aa76f6f2,,CMP-d94be190,SRC_NewGoldInc_New_gold_production
PROD-aa76f6f2-2023-2,2023,Canada,Gold,Usable ore,Contained metal in concentrate,Production,oz,67433.0,2.0974023154999997,,BC-MAIN-aa76f6f2,,CMP-d94be190,SRC_NewGoldInc_New_gold_production
PROD-aa76f6f2-2023-3,2023,Canada,Ore,Total extraction,Ore mined,Production,kt,2993.0,2993000.0,,BC-MAIN-aa76f6f2,,CMP-d94be190,SRC_NewGoldInc_New_gold_production
PROD-aa76f6f2-2023-4,2023,Canada,Ore,Crude ore,Ore processed,Production,kt,3065.0,3065000.0,,BC-MAIN-aa76f6f2,,CMP-d94be190,SRC_NewGoldInc_New_gold_production
PROD-da0b5c3d-2023-1,2023,Canada,Copper,Usable ore,Concentrate,Production,t,37.176,37.176,,MB-MAIN-da0b5c3d,GRP-a13779f8,CMP-12afc634,SRC_HudbayMineralsInc_MDA25
PROD-da0b5c3d-2023-2,2023,Canada,Copper,Usable ore,Contained metal in concentrate,Production,t,5.739,5.739,,MB-MAIN-da0b5c3d,GRP-a13779f8,CMP-12afc634,SRC_HudbayMineralsInc_MDA25
PROD-da0b5c3d-2023-3,2023,Canada,Gold,Usable ore,Contained metal in concentrate,Production,oz,77.798,0.002419790093,,MB-MAIN-da0b5c3d,GRP-a13779f8,CMP-12afc634,SRC_HudbayMineralsInc_MDA25
PROD-da0b5c3d-2023-4,2023,Canada,Gold,Usable ore,Metal in doré produced,Production,oz,40239.0,1.2515737365,,MB-MAIN-da0b5c3d,GRP-a13779f8,CMP-12afc634,SRC_HudbayMineralsInc_MDA25
PROD-da0b5c3d-2023-5,2023,Canada,Ore,Crude ore,Ore milled,Production,t,596912.0,596912.0,,MB-MAIN-da0b5c3d,GRP-a13779f8,CMP-12afc634,SRC_HudbayMineralsInc_MDA25
PROD-da0b5c3d-2023-6,2023,Canada,Silver,Usable ore,Contained metal in concentrate,Production,oz,292694.0,9.103807828999999,,MB-MAIN-da0b5c3d,GRP-a13779f8,CMP-12afc634,SRC_HudbayMineralsInc_MDA25
PROD-da0b5c3d-2023-7,2023,Canada,Silver,Intermediate metal produced,Metal in doré produced,Production,oz,97630.0,3.036634705,,MB-MAIN-da0b5c3d,GRP-a13779f8,CMP-12afc634,SRC_HudbayMineralsInc_MDA25
PROD-fcb287a4-2024-1,2024,Canada,Ore,Total extraction,Ore mined,Production,t,320160.0,320160.0,,ON-MAIN-fcb287a4,GRP-de097f20,CMP-d5f1c66b,SRC_Glencore_at-a-glance
PROD-a555d9b9-2023-1,2023,Canada,Niobium,Total extraction,Ore mined,Production,mt,2.2,2200000.0,Assumed ore mined and stable production,QC-MAIN-a555d9b9,,CMP-f0009ac4,SRC_MagrisPerformanceMaterialsInc._80011
PROD-649d2873-2023-1,2023,Canada,Ferroniobium,Intermediate metal produced,Intermediate metal produced,Production,t,11700.0,11700.0,,QC-MAIN-649d2873,,CMP-9abb4c27,SRC_MagrisPerformanceMaterialsInc._SR_2023
PROD-dc1a16f9-2023-1,2023,Canada,Lithium,Total extraction,Ore mined,Production,wmt,407034.0,407034.0,,QC-MAIN-dc1a16f9,,CMP-9f967ad1,SRC_SayonaQuébecInc_AR_2023
PROD-dc1a16f9-2023-2,2023,Canada,Lithium,Usable ore,Concentrate,Production,dmt,33120.0,33120.0,,QC-MAIN-dc1a16f9,,CMP-9f967ad1,SRC_SayonaQuébecInc_AR_2023
PROD-5ce331b8-2023-1,2023,Canada,Nickel,Usable ore,Contained metal in concentrate,Production,kt,9.22,9220.0,,QC-MAIN-5ce331b8,,CMP-d87d1101,SRC_CanadianRoyaltiesInc._?cf-view
PROD-5ce331b8-2023-2,2023,Canada,Nickel,Crude ore,Ore processed,Production,kt,1082.3529411764705,1082352.9411764706,"Assumed 1% ore grade and 85% recovery rate (hypothesis, no data)",QC-MAIN-5ce331b8,,CMP-d87d1101,SRC_CanadianRoyaltiesInc._?cf-view
PROD-GRP-0d911886-2023-1,2023,Canada,Gold,Usable ore,Contained metal in concentrate,Production,koz,260.0,8.08691,,,GRP-0d911886,CMP-4a434d72,SRC_NewmontCorporation_Operating_statistics_2023
PROD-GRP-0d911886-2023-2,2023,Canada,Gold,Crude ore,Ore processed,Production,kt,2911.0,2911000.0,,,GRP-0d911886,CMP-4a434d72,SRC_NewmontCorporation_Operating_statistics_2023
PROD-GRP-0d911886-2023-3,2023,Canada,Gold,Total extraction,Ore mined,Production,kt,7831.0,7831000.0,Sum of total open pit and total underground ore,,GRP-0d911886,CMP-4a434d72,SRC_NewmontCorporation_Operating_statistics_2023
PROD-a97821c0-2022-1,2022,Canada,Nickel,Usable ore,Contained metal in concentrate,Production,t,24232.0,24232.0,"Nickel concentrate from Raglan is transported to Sudbury smelter (ship + train), returns to Quebec (train) and is shipped to Nikkelverk refinery in Norway",QC-MAIN-a97821c0,,CMP-d5f1c66b,SRC_Glencore_our-mining-activity
PROD-a97821c0-2022-2,2022,Canada,Copper,Usable ore,Contained metal in concentrate,Production,t,5488.0,5488.0,"Nickel concentrate from Raglan is transported to Sudbury smelter (ship + train), returns to Quebec (train) and is shipped to Nikkelverk refinery in Norway",QC-MAIN-a97821c0,,CMP-d5f1c66b,SRC_Glencore_our-mining-activity
PROD-a97821c0-2022-3,2022,Canada,Cobalt,Usable ore,Contained metal in concentrate,Production,t,498.0,498.0,"Nickel concentrate from Raglan is transported to Sudbury smelter (ship + train), returns to Quebec (train) and is shipped to Nikkelverk refinery in Norway",QC-MAIN-a97821c0,,CMP-d5f1c66b,SRC_Glencore_our-mining-activity
PROD-a97821c0-2022-4,2022,Canada,Ore,Crude ore,Ore processed,Production,mt,1.5,1500000.0,,QC-MAIN-a97821c0,,CMP-d5f1c66b,SRC_Glencore_our-mining-activity
PROD-0aadf28f-2023-1,2023,Canada,Ore,Total extraction,Ore mined,Production,kt,12412.0,12412000.0,,ON-MAIN-0aadf28f,,CMP-d94be190,SRC_NewGoldInc_New_gold_production
PROD-0aadf28f-2023-2,2023,Canada,Ore,Crude ore,Ore processed,Production,kt,8764.0,8764000.0,,ON-MAIN-0aadf28f,,CMP-d94be190,SRC_NewGoldInc_New_gold_production
PROD-0aadf28f-2023-3,2023,Canada,Gold,Usable ore,Contained metal in concentrate,Production,oz,253745.0,7.892357607499999,,ON-MAIN-0aadf28f,,CMP-d94be190,SRC_NewGoldInc_New_gold_production
PROD-8eb8be0d-2023-2,2023,Canada,Copper,Usable ore,Concentrate,Production,mlbs,8.0,3628.736,Assumed concentrate as it is not a refinery/smelter,BC-MAIN-8eb8be0d,,CMP-4a434d72,SRC_NewmontCorporation_AR_2024
PROD-8eb8be0d-2023-3,2023,Canada,Gold,Usable ore,Contained metal in concentrate,Production,koz,5.0,0.1555175,,BC-MAIN-8eb8be0d,,CMP-4a434d72,SRC_NewmontCorporation_Operating_statistics_2023
PROD-8eb8be0d-2023-4,2023,Canada,Ore,Crude ore,Ore processed,Production,kt,1139.0,1139000.0,,BC-MAIN-8eb8be0d,,CMP-4a434d72,SRC_NewmontCorporation_Operating_statistics_2023
PROD-8eb8be0d-2023-5,2023,Canada,Ore,Total extraction,Ore mined,Production,kt,3769.0,3769000.0,Sum of open pit ore and open pit waste,BC-MAIN-8eb8be0d,,CMP-4a434d72,SRC_NewmontCorporation_Operating_statistics_2023
PROD-7f050560-2024-1,2024,Canada,Ore,Total extraction,Material mined,Production,t,1855271.0,1855271.0,,ON-MAIN-7f050560,,CMP-ca642bce,SRC_EvolutionMiningLtd_EVN_FY24-ESG-Performance-Data_web
PROD-7f050560-2024-2,2024,Canada,Ore,Total extraction,Ore mined,Production,t,862000.0,862000.0,,ON-MAIN-7f050560,,CMP-ca642bce,SRC_EvolutionMiningLtd_EVN_FY24-ESG-Performance-Data_web
PROD-7f050560-2024-3,2024,Canada,Ore,Crude ore,Ore processed,Production,t,841000.0,841000.0,,ON-MAIN-7f050560,,CMP-ca642bce,SRC_EvolutionMiningLtd_EVN_FY24-ESG-Performance-Data_web
PROD-7f050560-2024-4,2024,Canada,Gold,Usable ore,Contained metal in concentrate,Production,oz,112700.0,3.5053644499999996,,ON-MAIN-7f050560,,CMP-ca642bce,SRC_EvolutionMiningLtd_EVN_FY24-ESG-Performance-Data_web
PROD-3e146840-2023-1,2023,Canada,Titanium dioxide slag,Refined metal produced,Unspecified,Production,kt,1111.0,1111000.0,Difficult to assign a reference point. Probably 4 or 5?,QC-MAIN-3e146840,GRP-25483238,CMP-7a096012,SRC_RioTinto_rt-fact-book-addendum
PROD-b64bae7a-2023-1,2023,Canada,Iron,Intermediate metal produced,Design capacity,Capacity,kt,6000.0,, ,NL-MAIN-b64bae7a,,CMP-8a99044e,SRC_TacoraResourcesInc._Tacora_Resources_Scully_Mine
PROD-b64bae7a-2023-2,2023,Canada,Iron,Total extraction,Ore mined,Production,kt,3560.0,3560000.0,,NL-MAIN-b64bae7a,,CMP-8a99044e,SRC_TacoraResourcesInc._Tacora_Resources_Scully_Mine
PROD-GRP-14bfbb82-2023-1,2023,Canada,Gold,Crude ore,Ore milled,Production,kt,122.0,122000.0,,,GRP-14bfbb82,CMP-4a73c5f8,SRC_SSRMiningInc_FY2024
PROD-GRP-14bfbb82-2023-2,2023,Canada,Gold,Total extraction,Ore mined,Production,kt,117.0,117000.0,,,GRP-14bfbb82,CMP-4a73c5f8,SRC_SSRMiningInc_FY2024
PROD-GRP-14bfbb82-2023-3,2023,Canada,Gold,Usable ore,Contained metal in concentrate,Production,oz,38757.0,1.2054783494999999,,,GRP-14bfbb82,CMP-4a73c5f8,SRC_SSRMiningInc_FY2024
PROD-0898e255-2023-1,2023,Canada,Ore,Crude ore,Ore milled,Production,t,965567.0,965567.0,,MB-MAIN-0898e255,GRP-a13779f8,CMP-12afc634,SRC_HudbayMineralsInc_MDA25
PROD-0898e255-2023-2,2023,Canada,Copper,Usable ore,Concentrate,Production,t,31900.0,31900.0,,MB-MAIN-0898e255,GRP-a13779f8,CMP-12afc634,SRC_HudbayMineralsInc_MDA25
PROD-0898e255-2023-3,2023,Canada,Copper,Usable ore,Contained metal in concentrate,Production,t,6415.0,6415.0,,MB-MAIN-0898e255,GRP-a13779f8,CMP-12afc634,SRC_HudbayMineralsInc_MDA25
PROD-0898e255-2023-4,2023,Canada,Copper,Usable ore,Contained metal in concentrate and doré produced,Production,t,12154.0,12154.0,,MB-MAIN-0898e255,GRP-a13779f8,CMP-12afc634,SRC_HudbayMineralsInc_MDA25
PROD-0898e255-2023-5,2023,Canada,Gold,Usable ore,Contained metal in concentrate,Production,oz,69326.0,2.156281241,,MB-MAIN-0898e255,GRP-a13779f8,CMP-12afc634,SRC_HudbayMineralsInc_MDA25
PROD-0898e255-2023-6,2023,Canada,Gold,Usable ore,Contained metal in concentrate and doré produced,Production,oz,187363.0,5.8276450705,,MB-MAIN-0898e255,GRP-a13779f8,CMP-12afc634,SRC_HudbayMineralsInc_MDA25
PROD-0898e255-2023-7,2023,Canada,Silver,Usable ore,Contained metal in concentrate,Production,oz,461399.0,14.3511237965,,MB-MAIN-0898e255,GRP-a13779f8,CMP-12afc634,SRC_HudbayMineralsInc_MDA25
PROD-0898e255-2023-8,2023,Canada,Silver,Usable ore,Contained metal in concentrate and doré produced,Production,oz,851723.0,26.4915663305,,MB-MAIN-0898e255,GRP-a13779f8,CMP-12afc634,SRC_HudbayMineralsInc_MDA25
PROD-0898e255-2023-9,2023,Canada,Zinc,Usable ore,Concentrate,Production,t,66824.0,66824.0,,MB-MAIN-0898e255,GRP-a13779f8,CMP-12afc634,SRC_HudbayMineralsInc_MDA25
PROD-0898e255-2023-10,2023,Canada,Zinc,Usable ore,Contained metal in concentrate,Production,t,34642.0,34642.0,,MB-MAIN-0898e255,GRP-a13779f8,CMP-12afc634,SRC_HudbayMineralsInc_MDA25
PROD-0898e255-2023-11,2023,Canada,Zinc,Usable ore,Contained metal in concentrate and doré produced,Production,t,34642.0,34642.0,,MB-MAIN-0898e255,GRP-a13779f8,CMP-12afc634,SRC_HudbayMineralsInc_MDA25
PROD-ed85ac94-2024-1,2024,Canada,Copper,Usable ore,Contained metal in concentrate,Production,t,7154.0,7154.0,,ON-MAIN-ed85ac94,GRP-de097f20,CMP-d5f1c66b,SRC_Glencore_at-a-glance
PROD-ed85ac94-2024-2,2024,Canada,Ore,Crude ore,,Production,t,1025997.0,1025997.0,,ON-MAIN-ed85ac94,GRP-de097f20,CMP-d5f1c66b,SRC_Glencore_at-a-glance
PROD-ed85ac94-2024-3,2024,Canada,Nickel,Usable ore,Contained metal in concentrate,Production,t,7530.0,7530.0,"Mining Technology provides a figure of 18,59kt in 2023, we rely on official Glencore's data,",ON-MAIN-ed85ac94,GRP-de097f20,CMP-d5f1c66b,SRC_Glencore_at-a-glance
PROD-40ce0593-2024-1,2024,Canada,Nickel,Intermediate metal produced,Matte,Production,t,62251.0,62251.0,,ON-MAIN-40ce0593,GRP-de097f20,CMP-d5f1c66b,SRC_Glencore_at-a-glance
PROD-40ce0593-2024-2,2024,Canada,Copper,Intermediate metal produced,Matte,Production,t,13720.0,13720.0,,ON-MAIN-40ce0593,GRP-de097f20,CMP-d5f1c66b,SRC_Glencore_at-a-glance
PROD-GRP-dc07540b-2023-1,2023,Canada,Copper,Refined metal produced,Refinery production,Production,kt,57.9,57900.0,"""Finished production"", unclear what it refers to, Assumed refined production as it contains a refinery (Copper Cliff Complex)",,GRP-dc07540b,CMP-9617aef4,SRC_Vale_Vale'sperformancein1Q25-xls
PROD-GRP-dc07540b-2023-2,2023,Canada,Nickel,Refined metal produced,Refinery production,Production,kt,38.2,38200.0,"""Finished production"", unclear what it refers to, Assumed refined production as it contains a refinery (Copper Cliff Complex)",,GRP-dc07540b,CMP-9617aef4,SRC_Vale_Vale'sperformancein1Q25-xls
PROD-f4fc3276-2023-1,2023,Canada,Gold,Total extraction,Ore mined,Production,t,234671.0,234671.0,,ON-MAIN-f4fc3276,,CMP-79f8bb59,SRC_SilverLakeResourcesLtd_AR_2023
PROD-f4fc3276-2023-2,2023,Canada,Gold,Usable ore,Contained metal in concentrate,Production,oz,38659.0,1.2024302064999999,,ON-MAIN-f4fc3276,,CMP-79f8bb59,SRC_SilverLakeResourcesLtd_AR_2023
PROD-d3a4aba9-2022-1,2022,Canada,Cobalt,Refined metal produced,Refinery production,Production,t,3368.0,3368.0,Deducted as the difference and verified in the SR,AB-MAIN-d3a4aba9,,CMP-2ef1f553,SRC_SherrittInternationalCorporationandGeneralNickelCompanyS.A._TR_2023
PROD-d3a4aba9-2022-2,2022,Canada,Nickel,Refined metal produced,Refinery production,Production,t,32268.0,32268.0,,AB-MAIN-d3a4aba9,,CMP-2ef1f553,SRC_SherrittInternationalCorporationandGeneralNickelCompanyS.A._TR_2023
PROD-e0a6250e-2023-1,2023,Canada,Copper,Usable ore,Contained metal in concentrate,Production,kt,4.7,4700.0,"""Finished production"", unclear what it refers to, Assumed metal in concentrate as it is a mine",MB-MAIN-e0a6250e,,CMP-9617aef4,SRC_Vale_Vale'sperformancein1Q25-xls
PROD-e0a6250e-2023-2,2023,Canada,Nickel,Usable ore,Contained metal in concentrate,Production,kt,7.9,7900.0,"""Finished production"", unclear what it refers to, Assumed metal in concentrate as it is a mine",MB-MAIN-e0a6250e,,CMP-9617aef4,SRC_Vale_Vale'sperformancein1Q25-xls
PROD-e0a6250e-2023-3,2023,Canada,Ore,Crude ore,Ore processed,Production,kt,1105.8823529411764,1105882.3529411764,"Assumed 0,5% ore grade and 85% recovery rate, taking copper as the reference",MB-MAIN-e0a6250e,,CMP-9617aef4,SRC_Vale_nan
PROD-GRP-147b3123-2023-1,2023,Canada,Gold,Total extraction,Ore mined,Production,kt,1541.0,1541000.0,,,GRP-147b3123,CMP-48a36546,SRC_PanAmericanSilverCorp._Financial_results
PROD-GRP-147b3123-2023-2,2023,Canada,Gold,Crude ore,Ore processed,Production,kt,1574.0,1574000.0,,,GRP-147b3123,CMP-48a36546,SRC_PanAmericanSilverCorp._Financial_results
PROD-GRP-147b3123-2023-3,2023,Canada,Gold,Usable ore,Contained metal in concentrate,Production,koz,132.9,4.13365515,,,GRP-147b3123,CMP-48a36546,SRC_PanAmericanSilverCorp._Financial_results
PROD-GRP-147b3123-2023-4,2023,Canada,Silver,Intermediate metal produced,Intermediate metal,Production,koz,16.0,0.497656,,,GRP-147b3123,CMP-48a36546,SRC_PanAmericanSilverCorp._Financial_results
PROD-3bb6b7cd-2024-1,2024,Canada,Zinc,Refined metal produced,Refinery production,Production,kt,256.0,256000.0,,BC-MAIN-3bb6b7cd,,CMP-06e20c6e,SRC_TeckResourcesLimited_2024_Annual_report
PROD-92628f16-2023-1,2023,Canada,Alumina,Intermediate metal produced,Smelter grade alumina,Production,kt,1391.80580303269,1391805.80303269,,QC-MAIN-92628f16,GRP-677b5973,CMP-7a096012,SRC_RioTinto_rt-fact-book-addendum
PROD-2d8801d6-2023-1,2023,Canada,Copper,Usable ore,Contained metal in concentrate,Production,kt,9.6,9600.0,"""Finished production"", unclear what it refers to, Assumed metal in concentrate as it is a mine",NL-MAIN-2d8801d6,,CMP-9617aef4,SRC_Vale_Vale'sperformancein1Q25-xls
PROD-2d8801d6-2023-2,2023,Canada,Nickel,Usable ore,Contained metal in concentrate,Production,kt,13.5,13500.0,"""Finished production"", unclear what it refers to, Assumed metal in concentrate as it is a mine",NL-MAIN-2d8801d6,,CMP-9617aef4,SRC_Vale_Vale'sperformancein1Q25-xls
PROD-2d8801d6-2023-3,2023,Canada,Ore,Crude ore,Ore processed,Production,kt,2258.8235294117644,2258823.5294117643,"Assumed 0,5% ore grade and 85% recovery rate, taking copper as the reference",NL-MAIN-2d8801d6,,CMP-9617aef4,SRC_Vale_nan
PROD-02884fb5-2023-1,2023,Canada,Ore,Crude ore,Ore milled,Production,kt,1034.0,1034000.0,,QC-MAIN-02884fb5,,CMP-3d0a95b7,SRC_IAMGOLDCorporation_operational_data
PROD-02884fb5-2023-2,2023,Canada,Ore,Total extraction,Ore mined,Production,kt,1022.0,1022000.0,,QC-MAIN-02884fb5,,CMP-3d0a95b7,SRC_IAMGOLDCorporation_operational_data
PROD-02884fb5-2023-3,2023,Canada,Gold,Usable ore,Contained metal in concentrate,Production,koz,93.0,2.8926255,,QC-MAIN-02884fb5,,CMP-3d0a95b7,SRC_IAMGOLDCorporation_operational_data
PROD-7607a50e-2023-1,2023,Canada,Gold,Usable ore,Contained metal in concentrate,Production,oz,185100.0,5.757257849999999,,ON-MAIN-7607a50e,,CMP-3a4ccc7f,SRC_AlamosGoldInc_Data_2023
PROD-7607a50e-2023-2,2023,Canada,Gold,Total extraction,Ore mined,Production,t,2878155.0,2878155.0,,ON-MAIN-7607a50e,,CMP-3a4ccc7f,SRC_AlamosGoldInc_Data_2023
PROD-7607a50e-2023-3,2023,Canada,Gold,Crude ore,Ore processed,Production,t,2878047.0,2878047.0,,ON-MAIN-7607a50e,,CMP-3a4ccc7f,SRC_AlamosGoldInc_Data_2023
1754055_prod,2023,Canada,Copper,Crude ore,,Production,t of copper ore,863000.0036928342,863000.0036928342,,ON-MAIN-6e9b2449,GRP-dc07540b,CMP-9617aef4,"Jolleys, M. et al (2024). Mineral Extraction sector: Mining and Quarrying Emissions from Copper, Iron, Bauxite, Rock and Sand, Hypervine, UK, Climate TRACE Emissions Inventory"
1754056_prod,2023,Canada,Copper,Crude ore,,Production,t of copper ore,985000.0042148804,985000.0042148804,,ON-MAIN-f080c409,GRP-dc07540b,CMP-9617aef4,"Jolleys, M. et al (2024). Mineral Extraction sector: Mining and Quarrying Emissions from Copper, Iron, Bauxite, Rock and Sand, Hypervine, UK, Climate TRACE Emissions Inventory"
1754057_prod,2023,Canada,Copper,Crude ore,,Production,t of copper ore,14575000.06236739,14575000.06236739,,BC-MAIN-599152a0,,CMP-12afc634,"Jolleys, M. et al (2024). Mineral Extraction sector: Mining and Quarrying Emissions from Copper, Iron, Bauxite, Rock and Sand, Hypervine, UK, Climate TRACE Emissions Inventory"
1754058_prod,2023,Canada,Copper,Crude ore,,Production,t of copper ore,406000.0017373009,406000.0017373009,,ON-MAIN-52224e1e,GRP-dc07540b,CMP-9617aef4,"Jolleys, M. et al (2024). Mineral Extraction sector: Mining and Quarrying Emissions from Copper, Iron, Bauxite, Rock and Sand, Hypervine, UK, Climate TRACE Emissions Inventory"
1754060_prod,2023,Canada,Copper,Crude ore,,Production,t of copper ore,650000.002781393,650000.002781393,,ON-MAIN-48fe2205,GRP-dc07540b,CMP-9617aef4,"Jolleys, M. et al (2024). Mineral Extraction sector: Mining and Quarrying Emissions from Copper, Iron, Bauxite, Rock and Sand, Hypervine, UK, Climate TRACE Emissions Inventory"
1754061_prod,2023,Canada,Copper,Crude ore,,Production,t of copper ore,88100000.37698573,88100000.37698573,,BC-MAIN-6b4800fe,,CMP-e35f138c,"Jolleys, M. et al (2024). Mineral Extraction sector: Mining and Quarrying Emissions from Copper, Iron, Bauxite, Rock and Sand, Hypervine, UK, Climate TRACE Emissions Inventory"
1754066_prod,2023,Canada,Copper,Crude ore,,Production,t of copper ore,72886000.31188402,72886000.31188402,,BC-MAIN-bf503b6b,,CMP-06e20c6e,"Jolleys, M. et al (2024). Mineral Extraction sector: Mining and Quarrying Emissions from Copper, Iron, Bauxite, Rock and Sand, Hypervine, UK, Climate TRACE Emissions Inventory"
1754067_prod,2023,Canada,Copper,Crude ore,,Production,t of copper ore,0.0,0.0,,QC-MAIN-30c1828c,GRP-b48ec279,CMP-d5f1c66b,"Jolleys, M. et al (2024). Mineral Extraction sector: Mining and Quarrying Emissions from Copper, Iron, Bauxite, Rock and Sand, Hypervine, UK, Climate TRACE Emissions Inventory"
1754071_prod,2023,Canada,Copper,Crude ore,,Production,t of copper ore,0.0,0.0,,BC-MAIN-e34feb4d,,CMP-fa032e20,"Jolleys, M. et al (2024). Mineral Extraction sector: Mining and Quarrying Emissions from Copper, Iron, Bauxite, Rock and Sand, Hypervine, UK, Climate TRACE Emissions Inventory"
1754075_prod,2023,Canada,Copper,Crude ore,,Production,t of copper ore,1526729.0065329743,1526729.0065329743,,MB-MAIN-be5b3dc8,GRP-a13779f8,CMP-12afc634,"Jolleys, M. et al (2024). Mineral Extraction sector: Mining and Quarrying Emissions from Copper, Iron, Bauxite, Rock and Sand, Hypervine, UK, Climate TRACE Emissions Inventory"
1754077_prod,2023,Canada,Copper,Crude ore,,Production,t of copper ore,1501481.0064249367,1501481.0064249367,,QC-MAIN-e51eda66,,CMP-6265c407,"Jolleys, M. et al (2024). Mineral Extraction sector: Mining and Quarrying Emissions from Copper, Iron, Bauxite, Rock and Sand, Hypervine, UK, Climate TRACE Emissions Inventory"
1754081_prod,2023,Canada,Copper,Crude ore,,Production,t of copper ore,527971.0022592229,527971.0022592229,,ON-MAIN-7001a391,,CMP-5f083f16,"Jolleys, M. et al (2024). Mineral Extraction sector: Mining and Quarrying Emissions from Copper, Iron, Bauxite, Rock and Sand, Hypervine, UK, Climate TRACE Emissions Inventory"
1754082_prod,2023,Canada,Copper,Crude ore,,Production,t of copper ore,0.0,0.0,,NL-MAIN-c139de6d,,CMP-24a4f1d5,"Jolleys, M. et al (2024). Mineral Extraction sector: Mining and Quarrying Emissions from Copper, Iron, Bauxite, Rock and Sand, Hypervine, UK, Climate TRACE Emissions Inventory"
1754083_prod,2023,Canada,Copper,Crude ore,,Production,t of copper ore,0.0,0.0,,YT-MAIN-752fbcae,,CMP-e0e7077f,"Jolleys, M. et al (2024). Mineral Extraction sector: Mining and Quarrying Emissions from Copper, Iron, Bauxite, Rock and Sand, Hypervine, UK, Climate TRACE Emissions Inventory"
1754084_prod,2023,Canada,Copper,Crude ore,,Production,t of copper ore,21278000.09104997,21278000.09104997,,BC-MAIN-ed23117f,,CMP-fa032e20,"Jolleys, M. et al (2024). Mineral Extraction sector: Mining and Quarrying Emissions from Copper, Iron, Bauxite, Rock and Sand, Hypervine, UK, Climate TRACE Emissions Inventory"
1754085_prod,2023,Canada,Copper,Crude ore,,Production,t of copper ore,5948239.025452908,5948239.025452908,,BC-MAIN-3f490561,,CMP-0dfcd91e,"Jolleys, M. et al (2024). Mineral Extraction sector: Mining and Quarrying Emissions from Copper, Iron, Bauxite, Rock and Sand, Hypervine, UK, Climate TRACE Emissions Inventory"
1754086_prod,2023,Canada,Copper,Crude ore,,Production,t of copper ore,45000.00019255798,45000.00019255798,,BC-MAIN-23155c25,,CMP-05423572,"Jolleys, M. et al (2024). Mineral Extraction sector: Mining and Quarrying Emissions from Copper, Iron, Bauxite, Rock and Sand, Hypervine, UK, Climate TRACE Emissions Inventory"
1754087_prod,2023,Canada,Copper,Crude ore,,Production,t of copper ore,2993000.0128072454,2993000.0128072454,,BC-MAIN-aa76f6f2,,CMP-d94be190,"Jolleys, M. et al (2024). Mineral Extraction sector: Mining and Quarrying Emissions from Copper, Iron, Bauxite, Rock and Sand, Hypervine, UK, Climate TRACE Emissions Inventory"
1754096_prod,2023,Canada,Copper,Crude ore,,Production,t of copper ore,684879.0029306426,684879.0029306426,,QC-MAIN-a97821c0,,CMP-d5f1c66b,"Jolleys, M. et al (2024). Mineral Extraction sector: Mining and Quarrying Emissions from Copper, Iron, Bauxite, Rock and Sand, Hypervine, UK, Climate TRACE Emissions Inventory"
1754097_prod,2023,Canada,Copper,Crude ore,,Production,t of copper ore,6887709.029472963,6887709.029472963,,BC-MAIN-8eb8be0d,,CMP-4a434d72,"Jolleys, M. et al (2024). Mineral Extraction sector: Mining and Quarrying Emissions from Copper, Iron, Bauxite, Rock and Sand, Hypervine, UK, Climate TRACE Emissions Inventory"
1754102_prod,2023,Canada,Copper,Crude ore,,Production,t of copper ore,1431680.0061262536,1431680.0061262536,,ON-MAIN-40ce0593,GRP-de097f20,CMP-d5f1c66b,"Jolleys, M. et al (2024). Mineral Extraction sector: Mining and Quarrying Emissions from Copper, Iron, Bauxite, Rock and Sand, Hypervine, UK, Climate TRACE Emissions Inventory"
1754103_prod,2023,Canada,Copper,Crude ore,,Production,t of copper ore,682000.0029183232,682000.0029183232,,MB-MAIN-e0a6250e,,CMP-9617aef4,"Jolleys, M. et al (2024). Mineral Extraction sector: Mining and Quarrying Emissions from Copper, Iron, Bauxite, Rock and Sand, Hypervine, UK, Climate TRACE Emissions Inventory"
1754104_prod,2023,Canada,Copper,Crude ore,,Production,t of copper ore,518000.00221655634,518000.00221655634,,ON-MAIN-28f3f0fc,GRP-dc07540b,CMP-9617aef4,"Jolleys, M. et al (2024). Mineral Extraction sector: Mining and Quarrying Emissions from Copper, Iron, Bauxite, Rock and Sand, Hypervine, UK, Climate TRACE Emissions Inventory"
1754105_prod,2023,Canada,Copper,Crude ore,,Production,t of copper ore,0.0,0.0,,QC-MAIN-b2148882,,CMP-1fbde0ec,"Jolleys, M. et al (2024). Mineral Extraction sector: Mining and Quarrying Emissions from Copper, Iron, Bauxite, Rock and Sand, Hypervine, UK, Climate TRACE Emissions Inventory"
1754106_prod,2023,Canada,Copper,Crude ore,,Production,t of copper ore,1760000.0075311563,1760000.0075311563,,NL-MAIN-2d8801d6,,CMP-9617aef4,"Jolleys, M. et al (2024). Mineral Extraction sector: Mining and Quarrying Emissions from Copper, Iron, Bauxite, Rock and Sand, Hypervine, UK, Climate TRACE Emissions Inventory"
25486533_prod,2023,Canada,Copper,Crude ore,,Production,t of copper ore,1350000.0057767394,1350000.0057767394,,ON-MAIN-f8313ebd,,CMP-d5f1c66b,"Jolleys, M. et al (2024). Mineral Extraction sector: Mining and Quarrying Emissions from Copper, Iron, Bauxite, Rock and Sand, Hypervine, UK, Climate TRACE Emissions Inventory"
25486534_prod,2023,Canada,Copper,Crude ore,,Production,t of copper ore,3798000.0162518937,3798000.0162518937,,ON-MAIN-a3c56a83,,CMP-967076a1,"Jolleys, M. et al (2024). Mineral Extraction sector: Mining and Quarrying Emissions from Copper, Iron, Bauxite, Rock and Sand, Hypervine, UK, Climate TRACE Emissions Inventory"
36395102_prod,2023,Canada,Iron,Crude ore,,Production,t of iron ore,15782798.067535635,15782798.067535635,,NL-MAIN-b64bae7a,,CMP-8a99044e,"Jolleys, M. et al (2024). Mineral Extraction sector: Mining and Quarrying Emissions from Copper, Iron, Bauxite, Rock and Sand, Hypervine, UK, Climate TRACE Emissions Inventory"
1754055_cap,2023,Canada,,Crude ore,,Capacity,tonnes,4624000.019786403,4624000.019786403,,ON-MAIN-6e9b2449,GRP-dc07540b,CMP-9617aef4,"Jolleys, M. et al (2024). Mineral Extraction sector: Mining and Quarrying Emissions from Copper, Iron, Bauxite, Rock and Sand, Hypervine, UK, Climate TRACE Emissions Inventory"
1754056_cap,2023,Canada,,Crude ore,,Capacity,tonnes,35547000.15210797,35547000.15210797,,ON-MAIN-f080c409,GRP-dc07540b,CMP-9617aef4,"Jolleys, M. et al (2024). Mineral Extraction sector: Mining and Quarrying Emissions from Copper, Iron, Bauxite, Rock and Sand, Hypervine, UK, Climate TRACE Emissions Inventory"
1754057_cap,2023,Canada,,Crude ore,,Capacity,tonnes,367000001.5704173,367000001.5704173,,BC-MAIN-599152a0,,CMP-12afc634,"Jolleys, M. et al (2024). Mineral Extraction sector: Mining and Quarrying Emissions from Copper, Iron, Bauxite, Rock and Sand, Hypervine, UK, Climate TRACE Emissions Inventory"
1754058_cap,2023,Canada,,Crude ore,,Capacity,tonnes,11041000.04724517,11041000.04724517,,ON-MAIN-52224e1e,GRP-dc07540b,CMP-9617aef4,"Jolleys, M. et al (2024). Mineral Extraction sector: Mining and Quarrying Emissions from Copper, Iron, Bauxite, Rock and Sand, Hypervine, UK, Climate TRACE Emissions Inventory"
1754060_cap,2023,Canada,,Crude ore,,Capacity,tonnes,4822000.020633657,4822000.020633657,,ON-MAIN-48fe2205,GRP-dc07540b,CMP-9617aef4,"Jolleys, M. et al (2024). Mineral Extraction sector: Mining and Quarrying Emissions from Copper, Iron, Bauxite, Rock and Sand, Hypervine, UK, Climate TRACE Emissions Inventory"
1754061_cap,2023,Canada,,Crude ore,,Capacity,tonnes,645000002.7599977,645000002.7599977,,BC-MAIN-6b4800fe,,CMP-e35f138c,"Jolleys, M. et al (2024). Mineral Extraction sector: Mining and Quarrying Emissions from Copper, Iron, Bauxite, Rock and Sand, Hypervine, UK, Climate TRACE Emissions Inventory"
1754066_cap,2023,Canada,,Crude ore,,Capacity,tonnes,263100001.12582237,263100001.12582237,,BC-MAIN-bf503b6b,,CMP-06e20c6e,"Jolleys, M. et al (2024). Mineral Extraction sector: Mining and Quarrying Emissions from Copper, Iron, Bauxite, Rock and Sand, Hypervine, UK, Climate TRACE Emissions Inventory"
1754067_cap,2023,Canada,,Crude ore,,Capacity,tonnes,87879592.9686352,87879592.9686352,,QC-MAIN-30c1828c,GRP-b48ec279,CMP-d5f1c66b,"Jolleys, M. et al (2024). Mineral Extraction sector: Mining and Quarrying Emissions from Copper, Iron, Bauxite, Rock and Sand, Hypervine, UK, Climate TRACE Emissions Inventory"
1754071_cap,2023,Canada,,Crude ore,,Capacity,tonnes,107381000.45949042,107381000.45949042,,BC-MAIN-e34feb4d,,CMP-fa032e20,"Jolleys, M. et al (2024). Mineral Extraction sector: Mining and Quarrying Emissions from Copper, Iron, Bauxite, Rock and Sand, Hypervine, UK, Climate TRACE Emissions Inventory"
1754075_cap,2023,Canada,,Crude ore,,Capacity,tonnes,13570000.058066929,13570000.058066929,,MB-MAIN-be5b3dc8,GRP-a13779f8,CMP-12afc634,"Jolleys, M. et al (2024). Mineral Extraction sector: Mining and Quarrying Emissions from Copper, Iron, Bauxite, Rock and Sand, Hypervine, UK, Climate TRACE Emissions Inventory"
1754077_cap,2023,Canada,,Crude ore,,Capacity,tonnes,19882000.085076395,19882000.085076395,,QC-MAIN-e51eda66,,CMP-6265c407,"Jolleys, M. et al (2024). Mineral Extraction sector: Mining and Quarrying Emissions from Copper, Iron, Bauxite, Rock and Sand, Hypervine, UK, Climate TRACE Emissions Inventory"
1754081_cap,2023,Canada,,Crude ore,,Capacity,tonnes,87879592.9686352,87879592.9686352,,ON-MAIN-7001a391,,CMP-5f083f16,"Jolleys, M. et al (2024). Mineral Extraction sector: Mining and Quarrying Emissions from Copper, Iron, Bauxite, Rock and Sand, Hypervine, UK, Climate TRACE Emissions Inventory"
1754082_cap,2023,Canada,,Crude ore,,Capacity,tonnes,7413000.031720718,7413000.031720718,,NL-MAIN-c139de6d,,CMP-24a4f1d5,"Jolleys, M. et al (2024). Mineral Extraction sector: Mining and Quarrying Emissions from Copper, Iron, Bauxite, Rock and Sand, Hypervine, UK, Climate TRACE Emissions Inventory"
1754083_cap,2023,Canada,,Crude ore,,Capacity,tonnes,2313000.0098974803,2313000.0098974803,,YT-MAIN-752fbcae,,CMP-e0e7077f,"Jolleys, M. et al (2024). Mineral Extraction sector: Mining and Quarrying Emissions from Copper, Iron, Bauxite, Rock and Sand, Hypervine, UK, Climate TRACE Emissions Inventory"
1754084_cap,2023,Canada,,Crude ore,,Capacity,tonnes,250025001.06987357,250025001.06987357,,BC-MAIN-ed23117f,,CMP-fa032e20,"Jolleys, M. et al (2024). Mineral Extraction sector: Mining and Quarrying Emissions from Copper, Iron, Bauxite, Rock and Sand, Hypervine, UK, Climate TRACE Emissions Inventory"
1754085_cap,2023,Canada,,Crude ore,,Capacity,tonnes,49029000.209798336,49029000.209798336,,BC-MAIN-3f490561,,CMP-0dfcd91e,"Jolleys, M. et al (2024). Mineral Extraction sector: Mining and Quarrying Emissions from Copper, Iron, Bauxite, Rock and Sand, Hypervine, UK, Climate TRACE Emissions Inventory"
1754086_cap,2023,Canada,,Crude ore,,Capacity,tonnes,4110000.0175869614,4110000.0175869614,,BC-MAIN-23155c25,,CMP-05423572,"Jolleys, M. et al (2024). Mineral Extraction sector: Mining and Quarrying Emissions from Copper, Iron, Bauxite, Rock and Sand, Hypervine, UK, Climate TRACE Emissions Inventory"
1754087_cap,2023,Canada,,Crude ore,,Capacity,tonnes,34087000.14586053,34087000.14586053,,BC-MAIN-aa76f6f2,,CMP-d94be190,"Jolleys, M. et al (2024). Mineral Extraction sector: Mining and Quarrying Emissions from Copper, Iron, Bauxite, Rock and Sand, Hypervine, UK, Climate TRACE Emissions Inventory"
1754096_cap,2023,Canada,,Crude ore,,Capacity,tonnes,15000000.064185994,15000000.064185994,,QC-MAIN-a97821c0,,CMP-d5f1c66b,"Jolleys, M. et al (2024). Mineral Extraction sector: Mining and Quarrying Emissions from Copper, Iron, Bauxite, Rock and Sand, Hypervine, UK, Climate TRACE Emissions Inventory"
1754097_cap,2023,Canada,,Crude ore,,Capacity,tonnes,454900001.9465472,454900001.9465472,,BC-MAIN-8eb8be0d,,CMP-4a434d72,"Jolleys, M. et al (2024). Mineral Extraction sector: Mining and Quarrying Emissions from Copper, Iron, Bauxite, Rock and Sand, Hypervine, UK, Climate TRACE Emissions Inventory"
1754102_cap,2023,Canada,,Crude ore,,Capacity,tonnes,16900000.07231622,16900000.07231622,,ON-MAIN-40ce0593,GRP-de097f20,CMP-d5f1c66b,"Jolleys, M. et al (2024). Mineral Extraction sector: Mining and Quarrying Emissions from Copper, Iron, Bauxite, Rock and Sand, Hypervine, UK, Climate TRACE Emissions Inventory"
1754103_cap,2023,Canada,,Crude ore,,Capacity,tonnes,87879592.9686352,87879592.9686352,,MB-MAIN-e0a6250e,,CMP-9617aef4,"Jolleys, M. et al (2024). Mineral Extraction sector: Mining and Quarrying Emissions from Copper, Iron, Bauxite, Rock and Sand, Hypervine, UK, Climate TRACE Emissions Inventory"
1754104_cap,2023,Canada,,Crude ore,,Capacity,tonnes,2453000.0104965493,2453000.0104965493,,ON-MAIN-28f3f0fc,GRP-dc07540b,CMP-9617aef4,"Jolleys, M. et al (2024). Mineral Extraction sector: Mining and Quarrying Emissions from Copper, Iron, Bauxite, Rock and Sand, Hypervine, UK, Climate TRACE Emissions Inventory"
1754105_cap,2023,Canada,,Crude ore,,Capacity,tonnes,87879592.9686352,87879592.9686352,,QC-MAIN-b2148882,,CMP-1fbde0ec,"Jolleys, M. et al (2024). Mineral Extraction sector: Mining and Quarrying Emissions from Copper, Iron, Bauxite, Rock and Sand, Hypervine, UK, Climate TRACE Emissions Inventory"
1754106_cap,2023,Canada,,Crude ore,,Capacity,tonnes,31100000.133078963,31100000.133078963,,NL-MAIN-2d8801d6,,CMP-9617aef4,"Jolleys, M. et al (2024). Mineral Extraction sector: Mining and Quarrying Emissions from Copper, Iron, Bauxite, Rock and Sand, Hypervine, UK, Climate TRACE Emissions Inventory"
25486533_cap,2023,Canada,,Crude ore,,Capacity,tonnes,2500000.0106976656,2500000.0106976656,,ON-MAIN-f8313ebd,,CMP-d5f1c66b,"Jolleys, M. et al (2024). Mineral Extraction sector: Mining and Quarrying Emissions from Copper, Iron, Bauxite, Rock and Sand, Hypervine, UK, Climate TRACE Emissions Inventory"
25486534_cap,2023,Canada,,Crude ore,,Capacity,tonnes,22000000.094139457,22000000.094139457,,ON-MAIN-a3c56a83,,CMP-967076a1,"Jolleys, M. et al (2024). Mineral Extraction sector: Mining and Quarrying Emissions from Copper, Iron, Bauxite, Rock and Sand, Hypervine, UK, Climate TRACE Emissions Inventory"
36395102_cap,2023,Canada,,Crude ore,,Capacity,tonnes,478943002.0494288,478943002.0494288,,NL-MAIN-b64bae7a,,CMP-8a99044e,"Jolleys, M. et al (2024). Mineral Extraction sector: Mining and Quarrying Emissions from Copper, Iron, Bauxite, Rock and Sand, Hypervine, UK, Climate TRACE Emissions Inventory"
